{
    "button": {
        "icon": {
            "$type": "fontSizes",
            "$value": "{semantic.fontSize.md}"
        },
        "label": {
            "$type": "typography",
            "$value": "{semantic.typography.button.large.bold}"
        },
        "primary": {
            "focus": {
                "icon-color": {
                    "$type": "color",
                    "$value": "{semantic.color.fg.on-accent}"
                },
                "text-color": {
                    "$type": "color",
                    "$value": "{semantic.color.fg.on-accent}"
                },
                "border-color": {
                    "$type": "color",
                    "$value": "{semantic.color.accent.muted}"
                },
                "background-color": {
                    "$type": "color",
                    "$value": "{semantic.color.accent.default}"
                }
            },
            "hover": {
                "icon-color": {
                    "$type": "color",
                    "$value": "{semantic.color.fg.on-accent}"
                },
                "text-color": {
                    "$type": "color",
                    "$value": "{semantic.color.fg.on-accent}"
                },
                "border-color": {
                    "$type": "color",
                    "$value": "{semantic.color.accent.muted}"
                },
                "background-color": {
                    "$type": "color",
                    "$value": "{semantic.color.accent.muted}"
                }
            },
            "active": {
                "icon-color": {
                    "$type": "color",
                    "$value": "{semantic.color.fg.on-accent}"
                },
                "text-color": {
                    "$type": "color",
                    "$value": "{semantic.color.fg.on-accent}"
                },
                "border-color": {
                    "$type": "color",
                    "$value": "{semantic.color.accent.emphasis}"
                },
                "background-color": {
                    "$type": "color",
                    "$value": "{semantic.color.accent.muted}"
                }
            },
            "default": {
                "icon-color": {
                    "$type": "color",
                    "$value": "{semantic.color.fg.on-accent}"
                },
                "text-color": {
                    "$type": "color",
                    "$value": "{semantic.color.fg.on-accent}"
                },
                "border-color": {
                    "$type": "color",
                    "$value": "{semantic.color.accent.default}"
                },
                "background-color": {
                    "$type": "color",
                    "$value": "{semantic.color.accent.default}"
                }
            },
            "border-width": {
                "$type": "borderWidth",
                "$value": "{semantic.border-width.none}"
            }
        },
        "padding-x": {
            "$type": "spacing",
            "$value": "{semantic.space-around.comp.lg}"
        },
        "padding-y": {
            "$type": "spacing",
            "$value": "{semantic.space-around.comp.md}"
        },
        "secondary": {
            "focus": {
                "icon-color": {
                    "$type": "color",
                    "$value": "{semantic.color.accent.muted}"
                },
                "text-color": {
                    "$type": "color",
                    "$value": "{semantic.color.accent.default}"
                },
                "border-color": {
                    "$type": "color",
                    "$value": "{semantic.color.accent.muted}"
                },
                "background-color": {
                    "$type": "color",
                    "$value": "{semantic.color.fg.on-accent}"
                }
            },
            "hover": {
                "icon-color": {
                    "$type": "color",
                    "$value": "{semantic.color.accent.muted}"
                },
                "text-color": {
                    "$type": "color",
                    "$value": "{semantic.color.accent.muted}"
                },
                "border-color": {
                    "$type": "color",
                    "$value": "{semantic.color.accent.muted}"
                },
                "background-color": {
                    "$type": "color",
                    "$value": "{semantic.color.fg.on-accent}"
                }
            },
            "active": {
                "icon-color": {
                    "$type": "color",
                    "$value": "{semantic.color.accent.emphasis}"
                },
                "text-color": {
                    "$type": "color",
                    "$value": "{semantic.color.accent.muted}"
                },
                "border-color": {
                    "$type": "color",
                    "$value": "{semantic.color.accent.emphasis}"
                },
                "background-color": {
                    "$type": "color",
                    "$value": "{semantic.color.fg.on-accent}"
                }
            },
            "default": {
                "icon-color": {
                    "$type": "color",
                    "$value": "{semantic.color.accent.default}"
                },
                "text-color": {
                    "$type": "color",
                    "$value": "{semantic.color.accent.default}"
                },
                "border-color": {
                    "$type": "color",
                    "$value": "{semantic.color.fg.on-accent}"
                },
                "background-color": {
                    "$type": "color",
                    "$value": "{semantic.color.fg.on-accent}"
                }
            },
            "border-width": {
                "$type": "borderWidth",
                "$value": "{semantic.border-width.default}"
            }
        },
        "border-radius": {
            "$type": "borderRadius",
            "$value": "{semantic.comp.border-radius}"
        },
        "space-between": {
            "$type": "spacing",
            "$value": "{semantic.space-between.comp.sm}"
        }
    }
}