{
    "list-item": {
        "default": {
            "label": {
                "default": {
                    "$name": "list-item.default.label.default",
                    "$type": "typography",
                    "$value": "{semantic.typography.small.regular}"
                }
            }
        },
        "featured": {
            "label": {
                "$name": "list-item.featured.label",
                "$type": "typography",
                "$value": "{semantic.typography.button.large.bold}"
            }
        },
        "icon-color": {
            "$name": "list-item.icon-color",
            "$type": "color",
            "$value": "{semantic.color.accent.default}"
        },
        "text-color": {
            "$name": "list-item.text-color",
            "$type": "color",
            "$value": "{semantic.color.fg.default}"
        },
        "space-between": {
            "$name": "list-item.space-between",
            "$type": "spacing",
            "$value": "{semantic.space-between.comp.sm}"
        }
    }
}