{
    "menu-item": {
        "hover": {
            "label": {
                "$name": "menu-item.hover.label",
                "$type": "typography",
                "$value": "{semantic.typography.small.regular}"
            },
            "background-color": {
                "$name": "menu-item.hover.background-color",
                "$type": "color",
                "$value": "{semantic.color.bg.subtle}"
            }
        },
        "active": {
            "label": {
                "$name": "menu-item.active.label",
                "$type": "typography",
                "$value": "{semantic.typography.small.bold}"
            }
        },
        "default": {
            "label": {
                "$name": "menu-item.default.label",
                "$type": "typography",
                "$value": "{semantic.typography.small.regular}"
            }
        },
        "on-accent": {
            "hover": {
                "background-color": {
                    "$name": "menu-item.on-accent.hover.background-color",
                    "$type": "color",
                    "$value": "{color.black-alpha.300}"
                }
            },
            "text-color": {
                "$name": "menu-item.on-accent.text-color",
                "$type": "color",
                "$value": "{semantic.color.fg.on-accent}"
            }
        },
        "padding-x": {
            "$name": "menu-item.padding-x",
            "$type": "spacing",
            "$value": "{semantic.space-around.comp.md}"
        },
        "padding-y": {
            "$name": "menu-item.padding-y",
            "$type": "spacing",
            "$value": "{semantic.space-around.comp.sm}"
        },
        "text-color": {
            "$name": "menu-item.text-color",
            "$type": "color",
            "$value": "{semantic.color.fg.subtle}"
        },
        "border-radius": {
            "$name": "menu-item.border-radius",
            "$type": "borderRadius",
            "$value": "{semantic.comp.border-radius}"
        }
    }
}