{
    "toggle": {
        "width": {
            "track": {
                "$type": "sizing",
                "$value": "{semantic.size.comp.lg}"
            },
            "handle": {
                "$type": "sizing",
                "$value": "{semantic.size.comp.sm}"
            }
        },
        "height": {
            "track": {
                "$type": "sizing",
                "$value": "{semantic.size.comp.md}"
            },
            "handle": {
                "$type": "sizing",
                "$value": "{semantic.size.comp.sm}"
            }
        },
        "selected": {
            "track": {
                "border-color": {
                    "$type": "color",
                    "$value": "{semantic.color.accent.default}"
                },
                "background-color": {
                    "$type": "color",
                    "$value": "{semantic.color.accent.default}"
                }
            },
            "handle": {
                "border-color": {
                    "$type": "color",
                    "$value": "{color.white}"
                },
                "background-color": {
                    "$type": "color",
                    "$value": "{color.white}"
                }
            }
        },
        "unselected": {
            "track": {
                "border-color": {
                    "$type": "color",
                    "$value": "{semantic.color.accent.disabled}"
                },
                "background-color": {
                    "$type": "color",
                    "$value": "{semantic.color.accent.disabled}"
                }
            },
            "handle": {
                "border-color": {
                    "$type": "color",
                    "$value": "{color.white}"
                },
                "background-color": {
                    "$type": "color",
                    "$value": "{color.white}"
                }
            }
        },
        "border-radius": {
            "track": {
                "$type": "borderRadius",
                "$value": "{radii.400}"
            },
            "handle": {
                "$type": "borderRadius",
                "$value": "{radii.round}"
            }
        }
    }
}