{
    "size": {
        "0": {
            "$name": "size.0",
            "$type": "sizing",
            "$value": "0",
            "$extensions": {}
        },
        "12": {
            "$name": "size.12",
            "$type": "sizing",
            "$value": "1"
        },
        "25": {
            "$name": "size.25",
            "$type": "sizing",
            "$value": "2"
        },
        "50": {
            "$name": "size.50",
            "$type": "sizing",
            "$value": "4"
        },
        "75": {
            "$name": "size.75",
            "$type": "sizing",
            "$value": "6"
        },
        "100": {
            "$name": "size.100",
            "$type": "sizing",
            "$value": "80"
        },
        "125": {
            "$name": "size.125",
            "$type": "sizing",
            "$value": "10"
        },
        "150": {
            "$name": "size.150",
            "$type": "sizing",
            "$value": "12"
        },
        "175": {
            "$name": "size.175",
            "$type": "sizing",
            "$value": "14"
        },
        "200": {
            "$name": "size.200",
            "$type": "sizing",
            "$value": "16"
        },
        "225": {
            "$name": "size.225",
            "$type": "sizing",
            "$value": "18"
        },
        "250": {
            "$name": "size.250",
            "$type": "sizing",
            "$value": "20"
        },
        "275": {
            "$name": "size.275",
            "$type": "sizing",
            "$value": "22"
        },
        "300": {
            "$name": "size.300",
            "$type": "sizing",
            "$value": "24"
        },
        "400": {
            "$name": "size.400",
            "$type": "sizing",
            "$value": "32"
        },
        "450": {
            "$name": "size.450",
            "$type": "sizing",
            "$value": "36"
        },
        "500": {
            "$name": "size.500",
            "$type": "sizing",
            "$value": "40"
        },
        "600": {
            "$name": "size.600",
            "$type": "sizing",
            "$value": "48"
        },
        "700": {
            "$name": "size.700",
            "$type": "sizing",
            "$value": "56"
        },
        "800": {
            "$name": "size.800",
            "$type": "sizing",
            "$value": "64"
        },
        "900": {
            "$name": "size.900",
            "$type": "sizing",
            "$value": "72"
        },
        "1000": {
            "$name": "size.1000",
            "$type": "sizing",
            "$value": "80"
        },
        "1200": {
            "$name": "size.1200",
            "$type": "sizing",
            "$value": "96"
        },
        "1400": {
            "$name": "size.1400",
            "$type": "sizing",
            "$value": "112"
        },
        "1600": {
            "$name": "size.1600",
            "$type": "sizing",
            "$value": "128"
        },
        "1800": {
            "$name": "size.1800",
            "$type": "sizing",
            "$value": "144"
        },
        "2000": {
            "$name": "size.2000",
            "$type": "sizing",
            "$value": "160"
        },
        "2200": {
            "$name": "size.2200",
            "$type": "sizing",
            "$value": "176"
        },
        "2400": {
            "$name": "size.2400",
            "$type": "sizing",
            "$value": "192"
        },
        "2600": {
            "$name": "size.2600",
            "$type": "sizing",
            "$value": "208"
        },
        "2800": {
            "$name": "size.2800",
            "$type": "sizing",
            "$value": "224"
        },
        "3000": {
            "$name": "size.3000",
            "$type": "sizing",
            "$value": "240"
        },
        "3200": {
            "$name": "size.3200",
            "$type": "sizing",
            "$value": "256"
        },
        "3400": {
            "$name": "size.3400",
            "$type": "sizing",
            "$value": "288"
        },
        "3600": {
            "$name": "size.3600",
            "$type": "sizing",
            "$value": "320"
        },
        "3800": {
            "$name": "size.3800",
            "$type": "sizing",
            "$value": "384"
        },
        "6750": {
            "$name": "size.6750",
            "$type": "sizing",
            "$value": "{size.base}*67.5"
        },
        "base": {
            "$name": "size.base",
            "$type": "sizing",
            "$value": "8"
        }
    },
    "color": {
        "red": {
            "50": {
                "$name": "color.red.50",
                "$type": "color",
                "$value": "#fef2f2"
            },
            "100": {
                "$name": "color.red.100",
                "$type": "color",
                "$value": "#fee2e2"
            },
            "200": {
                "$name": "color.red.200",
                "$type": "color",
                "$value": "#fecaca"
            },
            "300": {
                "$name": "color.red.300",
                "$type": "color",
                "$value": "#fca5a5"
            },
            "400": {
                "$name": "color.red.400",
                "$type": "color",
                "$value": "#f87171"
            },
            "500": {
                "$name": "color.red.500",
                "$type": "color",
                "$value": "#ef4444"
            },
            "600": {
                "$name": "color.red.600",
                "$type": "color",
                "$value": "#dc2626"
            },
            "700": {
                "$name": "color.red.700",
                "$type": "color",
                "$value": "#b91c1c"
            },
            "800": {
                "$name": "color.red.800",
                "$type": "color",
                "$value": "#991b1b"
            },
            "900": {
                "$name": "color.red.900",
                "$type": "color",
                "$value": "#7f1d1d"
            }
        },
        "sky": {
            "50": {
                "$name": "color.sky.50",
                "$type": "color",
                "$value": "#f0f9ff"
            },
            "100": {
                "$name": "color.sky.100",
                "$type": "color",
                "$value": "#e0f2fe"
            },
            "200": {
                "$name": "color.sky.200",
                "$type": "color",
                "$value": "#bae6fd"
            },
            "300": {
                "$name": "color.sky.300",
                "$type": "color",
                "$value": "#7dd3fc"
            },
            "400": {
                "$name": "color.sky.400",
                "$type": "color",
                "$value": "#38bdf8"
            },
            "500": {
                "$name": "color.sky.500",
                "$type": "color",
                "$value": "#0ea5e9"
            },
            "600": {
                "$name": "color.sky.600",
                "$type": "color",
                "$value": "#0284c7"
            },
            "700": {
                "$name": "color.sky.700",
                "$type": "color",
                "$value": "#0369a1"
            },
            "800": {
                "$name": "color.sky.800",
                "$type": "color",
                "$value": "#075985"
            },
            "900": {
                "$name": "color.sky.900",
                "$type": "color",
                "$value": "#0c4a6e"
            }
        },
        "blue": {
            "50": {
                "$name": "color.blue.50",
                "$type": "color",
                "$value": "#eff6ff"
            },
            "100": {
                "$name": "color.blue.100",
                "$type": "color",
                "$value": "#dbeafe"
            },
            "200": {
                "$name": "color.blue.200",
                "$type": "color",
                "$value": "#bfdbfe"
            },
            "300": {
                "$name": "color.blue.300",
                "$type": "color",
                "$value": "#93c5fd"
            },
            "400": {
                "$name": "color.blue.400",
                "$type": "color",
                "$value": "#60a5fa"
            },
            "500": {
                "$name": "color.blue.500",
                "$type": "color",
                "$value": "#3b82f6"
            },
            "600": {
                "$name": "color.blue.600",
                "$type": "color",
                "$value": "#2563eb"
            },
            "700": {
                "$name": "color.blue.700",
                "$type": "color",
                "$value": "#1d4ed8"
            },
            "800": {
                "$name": "color.blue.800",
                "$type": "color",
                "$value": "#1e40af"
            },
            "900": {
                "$name": "color.blue.900",
                "$type": "color",
                "$value": "#1e3a8a"
            }
        },
        "cyan": {
            "50": {
                "$name": "color.cyan.50",
                "$type": "color",
                "$value": "#ecfeff"
            },
            "100": {
                "$name": "color.cyan.100",
                "$type": "color",
                "$value": "#cffafe"
            },
            "200": {
                "$name": "color.cyan.200",
                "$type": "color",
                "$value": "#a5f3fc"
            },
            "300": {
                "$name": "color.cyan.300",
                "$type": "color",
                "$value": "#67e8f9"
            },
            "400": {
                "$name": "color.cyan.400",
                "$type": "color",
                "$value": "#22d3ee"
            },
            "500": {
                "$name": "color.cyan.500",
                "$type": "color",
                "$value": "#06b6d4"
            },
            "600": {
                "$name": "color.cyan.600",
                "$type": "color",
                "$value": "#0891b2"
            },
            "700": {
                "$name": "color.cyan.700",
                "$type": "color",
                "$value": "#0e7490"
            },
            "800": {
                "$name": "color.cyan.800",
                "$type": "color",
                "$value": "#155e75"
            },
            "900": {
                "$name": "color.cyan.900",
                "$type": "color",
                "$value": "#164e63"
            }
        },
        "gray": {
            "50": {
                "$name": "color.gray.50",
                "$type": "color",
                "$value": "#f9fafb"
            },
            "100": {
                "$name": "color.gray.100",
                "$type": "color",
                "$value": "#f3f4f6"
            },
            "200": {
                "$name": "color.gray.200",
                "$type": "color",
                "$value": "#e5e7eb"
            },
            "300": {
                "$name": "color.gray.300",
                "$type": "color",
                "$value": "#d1d5db"
            },
            "400": {
                "$name": "color.gray.400",
                "$type": "color",
                "$value": "#9ca3af"
            },
            "500": {
                "$name": "color.gray.500",
                "$type": "color",
                "$value": "#6b7280"
            },
            "600": {
                "$name": "color.gray.600",
                "$type": "color",
                "$value": "#4b5563"
            },
            "700": {
                "$name": "color.gray.700",
                "$type": "color",
                "$value": "#374151"
            },
            "800": {
                "$name": "color.gray.800",
                "$type": "color",
                "$value": "#1f2937"
            },
            "900": {
                "$name": "color.gray.900",
                "$type": "color",
                "$value": "#111827"
            }
        },
        "lime": {
            "50": {
                "$name": "color.lime.50",
                "$type": "color",
                "$value": "#f7fee7"
            },
            "100": {
                "$name": "color.lime.100",
                "$type": "color",
                "$value": "#ecfccb"
            },
            "200": {
                "$name": "color.lime.200",
                "$type": "color",
                "$value": "#d9f99d"
            },
            "300": {
                "$name": "color.lime.300",
                "$type": "color",
                "$value": "#bef264"
            },
            "400": {
                "$name": "color.lime.400",
                "$type": "color",
                "$value": "#a3e635"
            },
            "500": {
                "$name": "color.lime.500",
                "$type": "color",
                "$value": "#84cc16"
            },
            "600": {
                "$name": "color.lime.600",
                "$type": "color",
                "$value": "#65a30d"
            },
            "700": {
                "$name": "color.lime.700",
                "$type": "color",
                "$value": "#4d7c0f"
            },
            "800": {
                "$name": "color.lime.800",
                "$type": "color",
                "$value": "#3f6212"
            },
            "900": {
                "$name": "color.lime.900",
                "$type": "color",
                "$value": "#365314"
            }
        },
        "pink": {
            "50": {
                "$name": "color.pink.50",
                "$type": "color",
                "$value": "#fdf2f8"
            },
            "100": {
                "$name": "color.pink.100",
                "$type": "color",
                "$value": "#fce7f3"
            },
            "200": {
                "$name": "color.pink.200",
                "$type": "color",
                "$value": "#fbcfe8"
            },
            "300": {
                "$name": "color.pink.300",
                "$type": "color",
                "$value": "#f9a8d4"
            },
            "400": {
                "$name": "color.pink.400",
                "$type": "color",
                "$value": "#f472b6"
            },
            "500": {
                "$name": "color.pink.500",
                "$type": "color",
                "$value": "#ec4899"
            },
            "600": {
                "$name": "color.pink.600",
                "$type": "color",
                "$value": "#db2777"
            },
            "700": {
                "$name": "color.pink.700",
                "$type": "color",
                "$value": "#be185d"
            },
            "800": {
                "$name": "color.pink.800",
                "$type": "color",
                "$value": "#9d174d"
            },
            "900": {
                "$name": "color.pink.900",
                "$type": "color",
                "$value": "#831843"
            }
        },
        "rose": {
            "50": {
                "$name": "color.rose.50",
                "$type": "color",
                "$value": "#fff1f2"
            },
            "100": {
                "$name": "color.rose.100",
                "$type": "color",
                "$value": "#ffe4e6"
            },
            "200": {
                "$name": "color.rose.200",
                "$type": "color",
                "$value": "#fecdd3"
            },
            "300": {
                "$name": "color.rose.300",
                "$type": "color",
                "$value": "#fda4af"
            },
            "400": {
                "$name": "color.rose.400",
                "$type": "color",
                "$value": "#fb7185"
            },
            "500": {
                "$name": "color.rose.500",
                "$type": "color",
                "$value": "#f43f5e"
            },
            "600": {
                "$name": "color.rose.600",
                "$type": "color",
                "$value": "#e11d48"
            },
            "700": {
                "$name": "color.rose.700",
                "$type": "color",
                "$value": "#be123c"
            },
            "800": {
                "$name": "color.rose.800",
                "$type": "color",
                "$value": "#9f1239"
            },
            "900": {
                "$name": "color.rose.900",
                "$type": "color",
                "$value": "#881337"
            }
        },
        "teal": {
            "50": {
                "$name": "color.teal.50",
                "$type": "color",
                "$value": "#f0fdfa"
            },
            "100": {
                "$name": "color.teal.100",
                "$type": "color",
                "$value": "#ccfbf1"
            },
            "200": {
                "$name": "color.teal.200",
                "$type": "color",
                "$value": "#99f6e4"
            },
            "300": {
                "$name": "color.teal.300",
                "$type": "color",
                "$value": "#5eead4"
            },
            "400": {
                "$name": "color.teal.400",
                "$type": "color",
                "$value": "#2dd4bf"
            },
            "500": {
                "$name": "color.teal.500",
                "$type": "color",
                "$value": "#14b8a6"
            },
            "600": {
                "$name": "color.teal.600",
                "$type": "color",
                "$value": "#0d9488"
            },
            "700": {
                "$name": "color.teal.700",
                "$type": "color",
                "$value": "#0f766e"
            },
            "800": {
                "$name": "color.teal.800",
                "$type": "color",
                "$value": "#115e59"
            },
            "900": {
                "$name": "color.teal.900",
                "$type": "color",
                "$value": "#134e4a"
            }
        },
        "zinc": {
            "50": {
                "$name": "color.zinc.50",
                "$type": "color",
                "$value": "#fafafa"
            },
            "100": {
                "$name": "color.zinc.100",
                "$type": "color",
                "$value": "#f4f4f5"
            },
            "200": {
                "$name": "color.zinc.200",
                "$type": "color",
                "$value": "#e4e4e7"
            },
            "300": {
                "$name": "color.zinc.300",
                "$type": "color",
                "$value": "#d4d4d8"
            },
            "400": {
                "$name": "color.zinc.400",
                "$type": "color",
                "$value": "#a1a1aa"
            },
            "500": {
                "$name": "color.zinc.500",
                "$type": "color",
                "$value": "#71717a"
            },
            "600": {
                "$name": "color.zinc.600",
                "$type": "color",
                "$value": "#52525b"
            },
            "700": {
                "$name": "color.zinc.700",
                "$type": "color",
                "$value": "#3f3f46"
            },
            "800": {
                "$name": "color.zinc.800",
                "$type": "color",
                "$value": "#27272a"
            },
            "900": {
                "$name": "color.zinc.900",
                "$type": "color",
                "$value": "#18181b"
            }
        },
        "amber": {
            "50": {
                "$name": "color.amber.50",
                "$type": "color",
                "$value": "#fffbeb"
            },
            "100": {
                "$name": "color.amber.100",
                "$type": "color",
                "$value": "#fef3c7"
            },
            "200": {
                "$name": "color.amber.200",
                "$type": "color",
                "$value": "#fde68a"
            },
            "300": {
                "$name": "color.amber.300",
                "$type": "color",
                "$value": "#fcd34d"
            },
            "400": {
                "$name": "color.amber.400",
                "$type": "color",
                "$value": "#fbbf24"
            },
            "500": {
                "$name": "color.amber.500",
                "$type": "color",
                "$value": "#f59e0b"
            },
            "600": {
                "$name": "color.amber.600",
                "$type": "color",
                "$value": "#d97706"
            },
            "700": {
                "$name": "color.amber.700",
                "$type": "color",
                "$value": "#b45309"
            },
            "800": {
                "$name": "color.amber.800",
                "$type": "color",
                "$value": "#92400e"
            },
            "900": {
                "$name": "color.amber.900",
                "$type": "color",
                "$value": "#78350f"
            }
        },
        "black": {
            "$name": "color.black",
            "$type": "color",
            "$value": "#131313"
        },
        "green": {
            "50": {
                "$name": "color.green.50",
                "$type": "color",
                "$value": "#f0fdf4"
            },
            "100": {
                "$name": "color.green.100",
                "$type": "color",
                "$value": "#dcfce7"
            },
            "200": {
                "$name": "color.green.200",
                "$type": "color",
                "$value": "#bbf7d0"
            },
            "300": {
                "$name": "color.green.300",
                "$type": "color",
                "$value": "#86efac"
            },
            "400": {
                "$name": "color.green.400",
                "$type": "color",
                "$value": "#4ade80"
            },
            "500": {
                "$name": "color.green.500",
                "$type": "color",
                "$value": "#22c55e"
            },
            "600": {
                "$name": "color.green.600",
                "$type": "color",
                "$value": "#16a34a"
            },
            "700": {
                "$name": "color.green.700",
                "$type": "color",
                "$value": "#15803d"
            },
            "800": {
                "$name": "color.green.800",
                "$type": "color",
                "$value": "#166534"
            },
            "900": {
                "$name": "color.green.900",
                "$type": "color",
                "$value": "#14532d"
            }
        },
        "slate": {
            "50": {
                "$name": "color.slate.50",
                "$type": "color",
                "$value": "#f8fafc"
            },
            "100": {
                "$name": "color.slate.100",
                "$type": "color",
                "$value": "#f1f5f9"
            },
            "200": {
                "$name": "color.slate.200",
                "$type": "color",
                "$value": "#e2e8f0"
            },
            "300": {
                "$name": "color.slate.300",
                "$type": "color",
                "$value": "#cbd5e1"
            },
            "400": {
                "$name": "color.slate.400",
                "$type": "color",
                "$value": "#94a3b8"
            },
            "500": {
                "$name": "color.slate.500",
                "$type": "color",
                "$value": "#64748b"
            },
            "600": {
                "$name": "color.slate.600",
                "$type": "color",
                "$value": "#475569"
            },
            "700": {
                "$name": "color.slate.700",
                "$type": "color",
                "$value": "#334155"
            },
            "800": {
                "$name": "color.slate.800",
                "$type": "color",
                "$value": "#1e293b"
            },
            "900": {
                "$name": "color.slate.900",
                "$type": "color",
                "$value": "#0f172a"
            }
        },
        "stone": {
            "50": {
                "$name": "color.stone.50",
                "$type": "color",
                "$value": "#fafaf9"
            },
            "100": {
                "$name": "color.stone.100",
                "$type": "color",
                "$value": "#f5f5f4"
            },
            "200": {
                "$name": "color.stone.200",
                "$type": "color",
                "$value": "#e7e5e4"
            },
            "300": {
                "$name": "color.stone.300",
                "$type": "color",
                "$value": "#d6d3d1"
            },
            "400": {
                "$name": "color.stone.400",
                "$type": "color",
                "$value": "#a8a29e"
            },
            "500": {
                "$name": "color.stone.500",
                "$type": "color",
                "$value": "#78716c"
            },
            "600": {
                "$name": "color.stone.600",
                "$type": "color",
                "$value": "#57534e"
            },
            "700": {
                "$name": "color.stone.700",
                "$type": "color",
                "$value": "#44403c"
            },
            "800": {
                "$name": "color.stone.800",
                "$type": "color",
                "$value": "#292524"
            },
            "900": {
                "$name": "color.stone.900",
                "$type": "color",
                "$value": "#1c1917"
            }
        },
        "white": {
            "$name": "color.white",
            "$type": "color",
            "$value": "#ffffff"
        },
        "indigo": {
            "50": {
                "$name": "color.indigo.50",
                "$type": "color",
                "$value": "#eef2ff"
            },
            "100": {
                "$name": "color.indigo.100",
                "$type": "color",
                "$value": "#e0e7ff"
            },
            "200": {
                "$name": "color.indigo.200",
                "$type": "color",
                "$value": "#c7d2fe"
            },
            "300": {
                "$name": "color.indigo.300",
                "$type": "color",
                "$value": "#a5b4fc"
            },
            "400": {
                "$name": "color.indigo.400",
                "$type": "color",
                "$value": "#818cf8"
            },
            "500": {
                "$name": "color.indigo.500",
                "$type": "color",
                "$value": "#6366f1"
            },
            "600": {
                "$name": "color.indigo.600",
                "$type": "color",
                "$value": "#4f46e5"
            },
            "700": {
                "$name": "color.indigo.700",
                "$type": "color",
                "$value": "#4338ca"
            },
            "800": {
                "$name": "color.indigo.800",
                "$type": "color",
                "$value": "#3730a3"
            },
            "900": {
                "$name": "color.indigo.900",
                "$type": "color",
                "$value": "#312e81"
            }
        },
        "orange": {
            "50": {
                "$name": "color.orange.50",
                "$type": "color",
                "$value": "#fff7ed"
            },
            "100": {
                "$name": "color.orange.100",
                "$type": "color",
                "$value": "#ffedd5"
            },
            "200": {
                "$name": "color.orange.200",
                "$type": "color",
                "$value": "#fed7aa"
            },
            "300": {
                "$name": "color.orange.300",
                "$type": "color",
                "$value": "#fdba74"
            },
            "400": {
                "$name": "color.orange.400",
                "$type": "color",
                "$value": "#fb923c"
            },
            "500": {
                "$name": "color.orange.500",
                "$type": "color",
                "$value": "#f97316"
            },
            "600": {
                "$name": "color.orange.600",
                "$type": "color",
                "$value": "#ea580c"
            },
            "700": {
                "$name": "color.orange.700",
                "$type": "color",
                "$value": "#c2410c"
            },
            "800": {
                "$name": "color.orange.800",
                "$type": "color",
                "$value": "#9a3412"
            },
            "900": {
                "$name": "color.orange.900",
                "$type": "color",
                "$value": "#7c2d12"
            }
        },
        "purple": {
            "50": {
                "$name": "color.purple.50",
                "$type": "color",
                "$value": "#faf5ff"
            },
            "100": {
                "$name": "color.purple.100",
                "$type": "color",
                "$value": "#f3e8ff"
            },
            "200": {
                "$name": "color.purple.200",
                "$type": "color",
                "$value": "#e9d5ff"
            },
            "300": {
                "$name": "color.purple.300",
                "$type": "color",
                "$value": "#d8b4fe"
            },
            "400": {
                "$name": "color.purple.400",
                "$type": "color",
                "$value": "#c084fc"
            },
            "500": {
                "$name": "color.purple.500",
                "$type": "color",
                "$value": "#a855f7"
            },
            "600": {
                "$name": "color.purple.600",
                "$type": "color",
                "$value": "#9333ea"
            },
            "700": {
                "$name": "color.purple.700",
                "$type": "color",
                "$value": "#7e22ce"
            },
            "800": {
                "$name": "color.purple.800",
                "$type": "color",
                "$value": "#6b21a8"
            },
            "900": {
                "$name": "color.purple.900",
                "$type": "color",
                "$value": "#581c87"
            }
        },
        "violet": {
            "50": {
                "$name": "color.violet.50",
                "$type": "color",
                "$value": "#f5f3ff"
            },
            "100": {
                "$name": "color.violet.100",
                "$type": "color",
                "$value": "#ede9fe"
            },
            "200": {
                "$name": "color.violet.200",
                "$type": "color",
                "$value": "#ddd6fe"
            },
            "300": {
                "$name": "color.violet.300",
                "$type": "color",
                "$value": "#c4b5fd"
            },
            "400": {
                "$name": "color.violet.400",
                "$type": "color",
                "$value": "#a78bfa"
            },
            "500": {
                "$name": "color.violet.500",
                "$type": "color",
                "$value": "#8b5cf6"
            },
            "600": {
                "$name": "color.violet.600",
                "$type": "color",
                "$value": "#7c3aed"
            },
            "700": {
                "$name": "color.violet.700",
                "$type": "color",
                "$value": "#6d28d9"
            },
            "800": {
                "$name": "color.violet.800",
                "$type": "color",
                "$value": "#5b21b6"
            },
            "900": {
                "$name": "color.violet.900",
                "$type": "color",
                "$value": "#4c1d95"
            }
        },
        "yellow": {
            "50": {
                "$name": "color.yellow.50",
                "$type": "color",
                "$value": "#fefce8"
            },
            "100": {
                "$name": "color.yellow.100",
                "$type": "color",
                "$value": "#fef9c3"
            },
            "200": {
                "$name": "color.yellow.200",
                "$type": "color",
                "$value": "#fef08a"
            },
            "300": {
                "$name": "color.yellow.300",
                "$type": "color",
                "$value": "#fde047"
            },
            "400": {
                "$name": "color.yellow.400",
                "$type": "color",
                "$value": "#facc15"
            },
            "500": {
                "$name": "color.yellow.500",
                "$type": "color",
                "$value": "#eab308"
            },
            "600": {
                "$name": "color.yellow.600",
                "$type": "color",
                "$value": "#ca8a04"
            },
            "700": {
                "$name": "color.yellow.700",
                "$type": "color",
                "$value": "#a16207"
            },
            "800": {
                "$name": "color.yellow.800",
                "$type": "color",
                "$value": "#854d0e"
            },
            "900": {
                "$name": "color.yellow.900",
                "$type": "color",
                "$value": "#713f12"
            }
        },
        "emerald": {
            "50": {
                "$name": "color.emerald.50",
                "$type": "color",
                "$value": "#ecfdf5"
            },
            "100": {
                "$name": "color.emerald.100",
                "$type": "color",
                "$value": "#d1fae5"
            },
            "200": {
                "$name": "color.emerald.200",
                "$type": "color",
                "$value": "#a7f3d0"
            },
            "300": {
                "$name": "color.emerald.300",
                "$type": "color",
                "$value": "#6ee7b7"
            },
            "400": {
                "$name": "color.emerald.400",
                "$type": "color",
                "$value": "#34d399"
            },
            "500": {
                "$name": "color.emerald.500",
                "$type": "color",
                "$value": "#10b981"
            },
            "600": {
                "$name": "color.emerald.600",
                "$type": "color",
                "$value": "#059669"
            },
            "700": {
                "$name": "color.emerald.700",
                "$type": "color",
                "$value": "#047857"
            },
            "800": {
                "$name": "color.emerald.800",
                "$type": "color",
                "$value": "#065f46"
            },
            "900": {
                "$name": "color.emerald.900",
                "$type": "color",
                "$value": "#064e3b"
            }
        },
        "fuchsia": {
            "50": {
                "$name": "color.fuchsia.50",
                "$type": "color",
                "$value": "#fdf4ff"
            },
            "100": {
                "$name": "color.fuchsia.100",
                "$type": "color",
                "$value": "#fae8ff"
            },
            "200": {
                "$name": "color.fuchsia.200",
                "$type": "color",
                "$value": "#f5d0fe"
            },
            "300": {
                "$name": "color.fuchsia.300",
                "$type": "color",
                "$value": "#f0abfc"
            },
            "400": {
                "$name": "color.fuchsia.400",
                "$type": "color",
                "$value": "#e879f9"
            },
            "500": {
                "$name": "color.fuchsia.500",
                "$type": "color",
                "$value": "#d946ef"
            },
            "600": {
                "$name": "color.fuchsia.600",
                "$type": "color",
                "$value": "#c026d3"
            },
            "700": {
                "$name": "color.fuchsia.700",
                "$type": "color",
                "$value": "#a21caf"
            },
            "800": {
                "$name": "color.fuchsia.800",
                "$type": "color",
                "$value": "#86198f"
            },
            "900": {
                "$name": "color.fuchsia.900",
                "$type": "color",
                "$value": "#701a75"
            }
        },
        "neutral": {
            "50": {
                "$name": "color.neutral.50",
                "$type": "color",
                "$value": "#fafafa"
            },
            "100": {
                "$name": "color.neutral.100",
                "$type": "color",
                "$value": "#f5f5f5"
            },
            "200": {
                "$name": "color.neutral.200",
                "$type": "color",
                "$value": "#e5e5e5"
            },
            "300": {
                "$name": "color.neutral.300",
                "$type": "color",
                "$value": "#d4d4d4"
            },
            "400": {
                "$name": "color.neutral.400",
                "$type": "color",
                "$value": "#a3a3a3"
            },
            "500": {
                "$name": "color.neutral.500",
                "$type": "color",
                "$value": "#737373"
            },
            "600": {
                "$name": "color.neutral.600",
                "$type": "color",
                "$value": "#525252"
            },
            "700": {
                "$name": "color.neutral.700",
                "$type": "color",
                "$value": "#404040"
            },
            "800": {
                "$name": "color.neutral.800",
                "$type": "color",
                "$value": "#262626"
            },
            "900": {
                "$name": "color.neutral.900",
                "$type": "color",
                "$value": "#171717"
            }
        },
        "gradient": {
            "red": {
                "0-deg-↑": {
                    "$name": "color.gradient.red.0-deg-↑",
                    "$type": "color",
                    "$value": "linear-gradient(0deg, #dc2626 0%, #f87171 100%)"
                },
                "45-deg-↗": {
                    "$name": "color.gradient.red.45-deg-↗",
                    "$type": "color",
                    "$value": "linear-gradient(45deg, #dc2626 0%, #f87171 100%)"
                },
                "90-deg-→": {
                    "$name": "color.gradient.red.90-deg-→",
                    "$type": "color",
                    "$value": "linear-gradient(90deg, #dc2626 0%, #f87171 100%)"
                },
                "180-deg-↓": {
                    "$name": "color.gradient.red.180-deg-↓",
                    "$type": "color",
                    "$value": "linear-gradient(180deg, #dc2626 0%, #f87171 100%)"
                },
                "225-deg-↙": {
                    "$name": "color.gradient.red.225-deg-↙",
                    "$type": "color",
                    "$value": "linear-gradient(225deg, #dc2626 0%, #f87171 100%)"
                },
                "270-deg-←": {
                    "$name": "color.gradient.red.270-deg-←",
                    "$type": "color",
                    "$value": "linear-gradient(270deg, #dc2626 0%, #f87171 100%)"
                }
            },
            "sky": {
                "0-deg-↑": {
                    "$name": "color.gradient.sky.0-deg-↑",
                    "$type": "color",
                    "$value": "linear-gradient(0deg, #0284c7 0%, #38bdf8 100%)"
                },
                "45-deg-↗": {
                    "$name": "color.gradient.sky.45-deg-↗",
                    "$type": "color",
                    "$value": "linear-gradient(45deg, #0284c7 0%, #38bdf8 100%)"
                },
                "90-deg-→": {
                    "$name": "color.gradient.sky.90-deg-→",
                    "$type": "color",
                    "$value": "linear-gradient(90deg, #0284c7 0%, #38bdf8 100%)"
                },
                "180-deg-↓": {
                    "$name": "color.gradient.sky.180-deg-↓",
                    "$type": "color",
                    "$value": "linear-gradient(180deg, #0284c7 0%, #38bdf8 100%)"
                },
                "225-deg-↙": {
                    "$name": "color.gradient.sky.225-deg-↙",
                    "$type": "color",
                    "$value": "linear-gradient(225deg, #0284c7 0%, #38bdf8 100%)"
                },
                "270-deg-←": {
                    "$name": "color.gradient.sky.270-deg-←",
                    "$type": "color",
                    "$value": "linear-gradient(270deg, #0284c7 0%, #38bdf8 100%)"
                }
            },
            "blue": {
                "0-deg-↑": {
                    "$name": "color.gradient.blue.0-deg-↑",
                    "$type": "color",
                    "$value": "linear-gradient(0deg, #2563eb 0%, #60a5fa 100%)"
                },
                "45-deg-↗": {
                    "$name": "color.gradient.blue.45-deg-↗",
                    "$type": "color",
                    "$value": "linear-gradient(45deg, #2563eb 0%, #60a5fa 100%)"
                },
                "90-deg-→": {
                    "$name": "color.gradient.blue.90-deg-→",
                    "$type": "color",
                    "$value": "linear-gradient(90deg, #2563eb 0%, #60a5fa 100%)"
                },
                "180-deg-↓": {
                    "$name": "color.gradient.blue.180-deg-↓",
                    "$type": "color",
                    "$value": "linear-gradient(180deg, #2563eb 0%, #60a5fa 100%)"
                },
                "225-deg-↙": {
                    "$name": "color.gradient.blue.225-deg-↙",
                    "$type": "color",
                    "$value": "linear-gradient(225deg, #2563eb 0%, #60a5fa 100%)"
                },
                "270-deg-←": {
                    "$name": "color.gradient.blue.270-deg-←",
                    "$type": "color",
                    "$value": "linear-gradient(270deg, #2563eb 0%, #60a5fa 100%)"
                }
            },
            "cyan": {
                "0-deg-↑": {
                    "$name": "color.gradient.cyan.0-deg-↑",
                    "$type": "color",
                    "$value": "linear-gradient(0deg, #0891b2 0%, #22d3ee 100%)"
                },
                "45-deg-↗": {
                    "$name": "color.gradient.cyan.45-deg-↗",
                    "$type": "color",
                    "$value": "linear-gradient(45deg, #0891b2 0%, #22d3ee 100%)"
                },
                "90-deg-→": {
                    "$name": "color.gradient.cyan.90-deg-→",
                    "$type": "color",
                    "$value": "linear-gradient(90deg, #0891b2 0%, #22d3ee 100%)"
                },
                "180-deg-↓": {
                    "$name": "color.gradient.cyan.180-deg-↓",
                    "$type": "color",
                    "$value": "linear-gradient(180deg, #0891b2 0%, #22d3ee 100%)"
                },
                "225-deg-↙": {
                    "$name": "color.gradient.cyan.225-deg-↙",
                    "$type": "color",
                    "$value": "linear-gradient(225deg, #0891b2 0%, #22d3ee 100%)"
                },
                "270-deg-←": {
                    "$name": "color.gradient.cyan.270-deg-←",
                    "$type": "color",
                    "$value": "linear-gradient(270deg, #0891b2 0%, #22d3ee 100%)"
                }
            },
            "gray": {
                "0-deg-↑": {
                    "$name": "color.gradient.gray.0-deg-↑",
                    "$type": "color",
                    "$value": "linear-gradient(0deg, #4b5563 0%, #9ca3af 100%)"
                },
                "45-deg-↗": {
                    "$name": "color.gradient.gray.45-deg-↗",
                    "$type": "color",
                    "$value": "linear-gradient(45deg, #4b5563 0%, #9ca3af 100%)"
                },
                "90-deg-→": {
                    "$name": "color.gradient.gray.90-deg-→",
                    "$type": "color",
                    "$value": "linear-gradient(90deg, #4b5563 0%, #9ca3af 100%)"
                },
                "180-deg-↓": {
                    "$name": "color.gradient.gray.180-deg-↓",
                    "$type": "color",
                    "$value": "linear-gradient(180deg, #4b5563 0%, #9ca3af 100%)"
                },
                "225-deg-↙": {
                    "$name": "color.gradient.gray.225-deg-↙",
                    "$type": "color",
                    "$value": "linear-gradient(225deg, #4b5563 0%, #9ca3af 100%)"
                },
                "270-deg-←": {
                    "$name": "color.gradient.gray.270-deg-←",
                    "$type": "color",
                    "$value": "linear-gradient(270deg, #4b5563 0%, #9ca3af 100%)"
                }
            },
            "lime": {
                "0-deg-↑": {
                    "$name": "color.gradient.lime.0-deg-↑",
                    "$type": "color",
                    "$value": "linear-gradient(0deg, #65a30d 0%, #a3e635 100%)"
                },
                "45-deg-↗": {
                    "$name": "color.gradient.lime.45-deg-↗",
                    "$type": "color",
                    "$value": "linear-gradient(45deg, #65a30d 0%, #a3e635 100%)"
                },
                "90-deg-→": {
                    "$name": "color.gradient.lime.90-deg-→",
                    "$type": "color",
                    "$value": "linear-gradient(90deg, #65a30d 0%, #a3e635 100%)"
                },
                "180-deg-↓": {
                    "$name": "color.gradient.lime.180-deg-↓",
                    "$type": "color",
                    "$value": "linear-gradient(180deg, #65a30d 0%, #a3e635 100%)"
                },
                "225-deg-↙": {
                    "$name": "color.gradient.lime.225-deg-↙",
                    "$type": "color",
                    "$value": "linear-gradient(225deg, #65a30d 0%, #a3e635 100%)"
                },
                "270-deg-←": {
                    "$name": "color.gradient.lime.270-deg-←",
                    "$type": "color",
                    "$value": "linear-gradient(270deg, #65a30d 0%, #a3e635 100%)"
                }
            },
            "pink": {
                "0-deg-↑": {
                    "$name": "color.gradient.pink.0-deg-↑",
                    "$type": "color",
                    "$value": "linear-gradient(0deg, #db2777 0%, #f472b6 100%)"
                },
                "45-deg-↗": {
                    "$name": "color.gradient.pink.45-deg-↗",
                    "$type": "color",
                    "$value": "linear-gradient(45deg, #db2777 0%, #f472b6 100%)"
                },
                "90-deg-→": {
                    "$name": "color.gradient.pink.90-deg-→",
                    "$type": "color",
                    "$value": "linear-gradient(90deg, #db2777 0%, #f472b6 100%)"
                },
                "180-deg-↓": {
                    "$name": "color.gradient.pink.180-deg-↓",
                    "$type": "color",
                    "$value": "linear-gradient(180deg, #db2777 0%, #f472b6 100%)"
                },
                "225-deg-↙": {
                    "$name": "color.gradient.pink.225-deg-↙",
                    "$type": "color",
                    "$value": "linear-gradient(225deg, #db2777 0%, #f472b6 100%)"
                },
                "270-deg-←": {
                    "$name": "color.gradient.pink.270-deg-←",
                    "$type": "color",
                    "$value": "linear-gradient(270deg, #db2777 0%, #f472b6 100%)"
                }
            },
            "rose": {
                "0-deg-↑": {
                    "$name": "color.gradient.rose.0-deg-↑",
                    "$type": "color",
                    "$value": "linear-gradient(0deg, #e11d48 0%, #fb7185 100%)"
                },
                "45-deg-↗": {
                    "$name": "color.gradient.rose.45-deg-↗",
                    "$type": "color",
                    "$value": "linear-gradient(45deg, #e11d48 0%, #fb7185 100%)"
                },
                "90-deg-→": {
                    "$name": "color.gradient.rose.90-deg-→",
                    "$type": "color",
                    "$value": "linear-gradient(90deg, #e11d48 0%, #fb7185 100%)"
                },
                "180-deg-↓": {
                    "$name": "color.gradient.rose.180-deg-↓",
                    "$type": "color",
                    "$value": "linear-gradient(180deg, #e11d48 0%, #fb7185 100%)"
                },
                "225-deg-↙": {
                    "$name": "color.gradient.rose.225-deg-↙",
                    "$type": "color",
                    "$value": "linear-gradient(225deg, #e11d48 0%, #fb7185 100%)"
                },
                "270-deg-←": {
                    "$name": "color.gradient.rose.270-deg-←",
                    "$type": "color",
                    "$value": "linear-gradient(270deg, #e11d48 0%, #fb7185 100%)"
                }
            },
            "teal": {
                "0-deg-↑": {
                    "$name": "color.gradient.teal.0-deg-↑",
                    "$type": "color",
                    "$value": "linear-gradient(0deg, #0d9488 0%, #2dd4bf 100%)"
                },
                "45-deg-↗": {
                    "$name": "color.gradient.teal.45-deg-↗",
                    "$type": "color",
                    "$value": "linear-gradient(45deg, #0d9488 0%, #2dd4bf 100%)"
                },
                "90-deg-→": {
                    "$name": "color.gradient.teal.90-deg-→",
                    "$type": "color",
                    "$value": "linear-gradient(90deg, #0d9488 0%, #2dd4bf 100%)"
                },
                "180-deg-↓": {
                    "$name": "color.gradient.teal.180-deg-↓",
                    "$type": "color",
                    "$value": "linear-gradient(180deg, #0d9488 0%, #2dd4bf 100%)"
                },
                "225-deg-↙": {
                    "$name": "color.gradient.teal.225-deg-↙",
                    "$type": "color",
                    "$value": "linear-gradient(225deg, #0d9488 0%, #2dd4bf 100%)"
                },
                "270-deg-←": {
                    "$name": "color.gradient.teal.270-deg-←",
                    "$type": "color",
                    "$value": "linear-gradient(270deg, #0d9488 0%, #2dd4bf 100%)"
                }
            },
            "zinc": {
                "0-deg-↑": {
                    "$name": "color.gradient.zinc.0-deg-↑",
                    "$type": "color",
                    "$value": "linear-gradient(0deg, #52525b 0%, #a1a1aa 100%)"
                },
                "45-deg-↗": {
                    "$name": "color.gradient.zinc.45-deg-↗",
                    "$type": "color",
                    "$value": "linear-gradient(45deg, #52525b 0%, #a1a1aa 100%)"
                },
                "90-deg-→": {
                    "$name": "color.gradient.zinc.90-deg-→",
                    "$type": "color",
                    "$value": "linear-gradient(90deg, #52525b 0%, #a1a1aa 100%)"
                },
                "180-deg-↓": {
                    "$name": "color.gradient.zinc.180-deg-↓",
                    "$type": "color",
                    "$value": "linear-gradient(180deg, #52525b 0%, #a1a1aa 100%)"
                },
                "225-deg-↙": {
                    "$name": "color.gradient.zinc.225-deg-↙",
                    "$type": "color",
                    "$value": "linear-gradient(225deg, #52525b 0%, #a1a1aa 100%)"
                },
                "270-deg-←": {
                    "$name": "color.gradient.zinc.270-deg-←",
                    "$type": "color",
                    "$value": "linear-gradient(270deg, #52525b 0%, #a1a1aa 100%)"
                }
            },
            "amber": {
                "0-deg-↑": {
                    "$name": "color.gradient.amber.0-deg-↑",
                    "$type": "color",
                    "$value": "linear-gradient(0deg, #d97706 0%, #fbbf24 100%)"
                },
                "45-deg-↗": {
                    "$name": "color.gradient.amber.45-deg-↗",
                    "$type": "color",
                    "$value": "linear-gradient(45deg, #d97706 0%, #fbbf24 100%)"
                },
                "90-deg-→": {
                    "$name": "color.gradient.amber.90-deg-→",
                    "$type": "color",
                    "$value": "linear-gradient(90deg, #d97706 0%, #fbbf24 100%)"
                },
                "180-deg-↓": {
                    "$name": "color.gradient.amber.180-deg-↓",
                    "$type": "color",
                    "$value": "linear-gradient(180deg, #d97706 0%, #fbbf24 100%)"
                },
                "225-deg-↙": {
                    "$name": "color.gradient.amber.225-deg-↙",
                    "$type": "color",
                    "$value": "linear-gradient(225deg, #d97706 0%, #fbbf24 100%)"
                },
                "270-deg-←": {
                    "$name": "color.gradient.amber.270-deg-←",
                    "$type": "color",
                    "$value": "linear-gradient(270deg, #d97706 0%, #fbbf24 100%)"
                }
            },
            "green": {
                "0-deg-↑": {
                    "$name": "color.gradient.green.0-deg-↑",
                    "$type": "color",
                    "$value": "linear-gradient(0deg, #16a34a 0%, #4ade80 100%)"
                },
                "45-deg-↗": {
                    "$name": "color.gradient.green.45-deg-↗",
                    "$type": "color",
                    "$value": "linear-gradient(45deg, #16a34a 0%, #4ade80 100%)"
                },
                "90-deg-→": {
                    "$name": "color.gradient.green.90-deg-→",
                    "$type": "color",
                    "$value": "linear-gradient(90deg, #16a34a 0%, #4ade80 100%)"
                },
                "180-deg-↓": {
                    "$name": "color.gradient.green.180-deg-↓",
                    "$type": "color",
                    "$value": "linear-gradient(180deg, #16a34a 0%, #4ade80 100%)"
                },
                "225-deg-↙": {
                    "$name": "color.gradient.green.225-deg-↙",
                    "$type": "color",
                    "$value": "linear-gradient(225deg, #16a34a 0%, #4ade80 100%)"
                },
                "270-deg-←": {
                    "$name": "color.gradient.green.270-deg-←",
                    "$type": "color",
                    "$value": "linear-gradient(270deg, #16a34a 0%, #4ade80 100%)"
                }
            },
            "slate": {
                "0-deg-↑": {
                    "$name": "color.gradient.slate.0-deg-↑",
                    "$type": "color",
                    "$value": "linear-gradient(0deg, #475569 0%, #94a3b8 100%)"
                },
                "45-deg-↗": {
                    "$name": "color.gradient.slate.45-deg-↗",
                    "$type": "color",
                    "$value": "linear-gradient(45deg, #475569 0%, #94a3b8 100%)"
                },
                "90-deg-→": {
                    "$name": "color.gradient.slate.90-deg-→",
                    "$type": "color",
                    "$value": "linear-gradient(90deg, #475569 0%, #94a3b8 100%)"
                },
                "180-deg-↓": {
                    "$name": "color.gradient.slate.180-deg-↓",
                    "$type": "color",
                    "$value": "linear-gradient(180deg, #475569 0%, #94a3b8 100%)"
                },
                "225-deg-↙": {
                    "$name": "color.gradient.slate.225-deg-↙",
                    "$type": "color",
                    "$value": "linear-gradient(225deg, #475569 0%, #94a3b8 100%)"
                },
                "270-deg-←": {
                    "$name": "color.gradient.slate.270-deg-←",
                    "$type": "color",
                    "$value": "linear-gradient(270deg, #475569 0%, #94a3b8 100%)"
                }
            },
            "stone": {
                "0-deg-↑": {
                    "$name": "color.gradient.stone.0-deg-↑",
                    "$type": "color",
                    "$value": "linear-gradient(0deg, #57534e 0%, #a8a29e 100%)"
                },
                "45-deg-↗": {
                    "$name": "color.gradient.stone.45-deg-↗",
                    "$type": "color",
                    "$value": "linear-gradient(45deg, #57534e 0%, #a8a29e 100%)"
                },
                "90-deg-→": {
                    "$name": "color.gradient.stone.90-deg-→",
                    "$type": "color",
                    "$value": "linear-gradient(90deg, #57534e 0%, #a8a29e 100%)"
                },
                "180-deg-↓": {
                    "$name": "color.gradient.stone.180-deg-↓",
                    "$type": "color",
                    "$value": "linear-gradient(180deg, #57534e 0%, #a8a29e 100%)"
                },
                "225-deg-↙": {
                    "$name": "color.gradient.stone.225-deg-↙",
                    "$type": "color",
                    "$value": "linear-gradient(225deg, #57534e 0%, #a8a29e 100%)"
                },
                "270-deg-←": {
                    "$name": "color.gradient.stone.270-deg-←",
                    "$type": "color",
                    "$value": "linear-gradient(270deg, #57534e 0%, #a8a29e 100%)"
                }
            },
            "indigo": {
                "0-deg-↑": {
                    "$name": "color.gradient.indigo.0-deg-↑",
                    "$type": "color",
                    "$value": "linear-gradient(0deg, #4f46e5 0%, #818cf8 100%)"
                },
                "45-deg-↗": {
                    "$name": "color.gradient.indigo.45-deg-↗",
                    "$type": "color",
                    "$value": "linear-gradient(45deg, #4f46e5 0%, #818cf8 100%)"
                },
                "90-deg-→": {
                    "$name": "color.gradient.indigo.90-deg-→",
                    "$type": "color",
                    "$value": "linear-gradient(90deg, #4f46e5 0%, #818cf8 100%)"
                },
                "180-deg-↓": {
                    "$name": "color.gradient.indigo.180-deg-↓",
                    "$type": "color",
                    "$value": "linear-gradient(180deg, #4f46e5 0%, #818cf8 100%)"
                },
                "225-deg-↙": {
                    "$name": "color.gradient.indigo.225-deg-↙",
                    "$type": "color",
                    "$value": "linear-gradient(225deg, #4f46e5 0%, #818cf8 100%)"
                },
                "270-deg-←": {
                    "$name": "color.gradient.indigo.270-deg-←",
                    "$type": "color",
                    "$value": "linear-gradient(270deg, #4f46e5 0%, #818cf8 100%)"
                }
            },
            "orange": {
                "0-deg-↑": {
                    "$name": "color.gradient.orange.0-deg-↑",
                    "$type": "color",
                    "$value": "linear-gradient(0deg, #ea580c 0%, #fb923c 100%)"
                },
                "45-deg-↗": {
                    "$name": "color.gradient.orange.45-deg-↗",
                    "$type": "color",
                    "$value": "linear-gradient(45deg, #ea580c 0%, #fb923c 100%)"
                },
                "90-deg-→": {
                    "$name": "color.gradient.orange.90-deg-→",
                    "$type": "color",
                    "$value": "linear-gradient(90deg, #ea580c 0%, #fb923c 100%)"
                },
                "180-deg-↓": {
                    "$name": "color.gradient.orange.180-deg-↓",
                    "$type": "color",
                    "$value": "linear-gradient(180deg, #ea580c 0%, #fb923c 100%)"
                },
                "225-deg-↙": {
                    "$name": "color.gradient.orange.225-deg-↙",
                    "$type": "color",
                    "$value": "linear-gradient(225deg, #ea580c 0%, #fb923c 100%)"
                },
                "270-deg-←": {
                    "$name": "color.gradient.orange.270-deg-←",
                    "$type": "color",
                    "$value": "linear-gradient(270deg, #ea580c 0%, #fb923c 100%)"
                }
            },
            "purple": {
                "0-deg-↑": {
                    "$name": "color.gradient.purple.0-deg-↑",
                    "$type": "color",
                    "$value": "linear-gradient(0deg, #9333ea 0%, #c084fc 100%)"
                },
                "45-deg-↗": {
                    "$name": "color.gradient.purple.45-deg-↗",
                    "$type": "color",
                    "$value": "linear-gradient(45deg, #9333ea 0%, #c084fc 100%)"
                },
                "90-deg-→": {
                    "$name": "color.gradient.purple.90-deg-→",
                    "$type": "color",
                    "$value": "linear-gradient(90deg, #9333ea 0%, #c084fc 100%)"
                },
                "180-deg-↓": {
                    "$name": "color.gradient.purple.180-deg-↓",
                    "$type": "color",
                    "$value": "linear-gradient(180deg, #9333ea 0%, #c084fc 100%)"
                },
                "225-deg-↙": {
                    "$name": "color.gradient.purple.225-deg-↙",
                    "$type": "color",
                    "$value": "linear-gradient(225deg, #9333ea 0%, #c084fc 100%)"
                },
                "270-deg-←": {
                    "$name": "color.gradient.purple.270-deg-←",
                    "$type": "color",
                    "$value": "linear-gradient(270deg, #9333ea 0%, #c084fc 100%)"
                }
            },
            "violet": {
                "0-deg-↑": {
                    "$name": "color.gradient.violet.0-deg-↑",
                    "$type": "color",
                    "$value": "linear-gradient(0deg, #7c3aed 0%, #a78bfa 100%)"
                },
                "45-deg-↗": {
                    "$name": "color.gradient.violet.45-deg-↗",
                    "$type": "color",
                    "$value": "linear-gradient(45deg, #7c3aed 0%, #a78bfa 100%)"
                },
                "90-deg-→": {
                    "$name": "color.gradient.violet.90-deg-→",
                    "$type": "color",
                    "$value": "linear-gradient(90deg, #7c3aed 0%, #a78bfa 100%)"
                },
                "180-deg-↓": {
                    "$name": "color.gradient.violet.180-deg-↓",
                    "$type": "color",
                    "$value": "linear-gradient(180deg, #7c3aed 0%, #a78bfa 100%)"
                },
                "225-deg-↙": {
                    "$name": "color.gradient.violet.225-deg-↙",
                    "$type": "color",
                    "$value": "linear-gradient(225deg, #7c3aed 0%, #a78bfa 100%)"
                },
                "270-deg-←": {
                    "$name": "color.gradient.violet.270-deg-←",
                    "$type": "color",
                    "$value": "linear-gradient(270deg, #7c3aed 0%, #a78bfa 100%)"
                }
            },
            "yellow": {
                "0-deg-↑": {
                    "$name": "color.gradient.yellow.0-deg-↑",
                    "$type": "color",
                    "$value": "linear-gradient(0deg, #ca8a04 0%, #facc15 100%)"
                },
                "45-deg-↗": {
                    "$name": "color.gradient.yellow.45-deg-↗",
                    "$type": "color",
                    "$value": "linear-gradient(45deg, #ca8a04 0%, #facc15 100%)"
                },
                "90-deg-→": {
                    "$name": "color.gradient.yellow.90-deg-→",
                    "$type": "color",
                    "$value": "linear-gradient(90deg, #ca8a04 0%, #facc15 100%)"
                },
                "180-deg-↓": {
                    "$name": "color.gradient.yellow.180-deg-↓",
                    "$type": "color",
                    "$value": "linear-gradient(180deg, #ca8a04 0%, #facc15 100%)"
                },
                "225-deg-↙": {
                    "$name": "color.gradient.yellow.225-deg-↙",
                    "$type": "color",
                    "$value": "linear-gradient(225deg, #ca8a04 0%, #facc15 100%)"
                },
                "270-deg-←": {
                    "$name": "color.gradient.yellow.270-deg-←",
                    "$type": "color",
                    "$value": "linear-gradient(270deg, #ca8a04 0%, #facc15 100%)"
                }
            },
            "emerald": {
                "0-deg-↑": {
                    "$name": "color.gradient.emerald.0-deg-↑",
                    "$type": "color",
                    "$value": "linear-gradient(0deg, #059669 0%, #34d399 100%)"
                },
                "45-deg-↗": {
                    "$name": "color.gradient.emerald.45-deg-↗",
                    "$type": "color",
                    "$value": "linear-gradient(45deg, #059669 0%, #34d399 100%)"
                },
                "90-deg-→": {
                    "$name": "color.gradient.emerald.90-deg-→",
                    "$type": "color",
                    "$value": "linear-gradient(90deg, #059669 0%, #34d399 100%)"
                },
                "180-deg-↓": {
                    "$name": "color.gradient.emerald.180-deg-↓",
                    "$type": "color",
                    "$value": "linear-gradient(180deg, #059669 0%, #34d399 100%)"
                },
                "225-deg-↙": {
                    "$name": "color.gradient.emerald.225-deg-↙",
                    "$type": "color",
                    "$value": "linear-gradient(225deg, #059669 0%, #34d399 100%)"
                },
                "270-deg-←": {
                    "$name": "color.gradient.emerald.270-deg-←",
                    "$type": "color",
                    "$value": "linear-gradient(270deg, #059669 0%, #34d399 100%)"
                }
            },
            "fuchsia": {
                "0-deg-↑": {
                    "$name": "color.gradient.fuchsia.0-deg-↑",
                    "$type": "color",
                    "$value": "linear-gradient(0deg, #c026d3 0%, #e879f9 100%)"
                },
                "45-deg-↗": {
                    "$name": "color.gradient.fuchsia.45-deg-↗",
                    "$type": "color",
                    "$value": "linear-gradient(45deg, #c026d3 0%, #e879f9 100%)"
                },
                "90-deg-→": {
                    "$name": "color.gradient.fuchsia.90-deg-→",
                    "$type": "color",
                    "$value": "linear-gradient(90deg, #c026d3 0%, #e879f9 100%)"
                },
                "180-deg-↓": {
                    "$name": "color.gradient.fuchsia.180-deg-↓",
                    "$type": "color",
                    "$value": "linear-gradient(180deg, #c026d3 0%, #e879f9 100%)"
                },
                "225-deg-↙": {
                    "$name": "color.gradient.fuchsia.225-deg-↙",
                    "$type": "color",
                    "$value": "linear-gradient(225deg, #c026d3 0%, #e879f9 100%)"
                },
                "270-deg-←": {
                    "$name": "color.gradient.fuchsia.270-deg-←",
                    "$type": "color",
                    "$value": "linear-gradient(270deg, #c026d3 0%, #e879f9 100%)"
                }
            },
            "neutral": {
                "0-deg-↑": {
                    "$name": "color.gradient.neutral.0-deg-↑",
                    "$type": "color",
                    "$value": "linear-gradient(0deg, #525252 0%, #a3a3a3 100%)"
                },
                "45-deg-↗": {
                    "$name": "color.gradient.neutral.45-deg-↗",
                    "$type": "color",
                    "$value": "linear-gradient(45deg, #525252 0%, #a3a3a3 100%)"
                },
                "90-deg-→": {
                    "$name": "color.gradient.neutral.90-deg-→",
                    "$type": "color",
                    "$value": "linear-gradient(90deg, #525252 0%, #a3a3a3 100%)"
                },
                "180-deg-↓": {
                    "$name": "color.gradient.neutral.180-deg-↓",
                    "$type": "color",
                    "$value": "linear-gradient(180deg, #525252 0%, #a3a3a3 100%)"
                },
                "225-deg-↙": {
                    "$name": "color.gradient.neutral.225-deg-↙",
                    "$type": "color",
                    "$value": "linear-gradient(225deg, #525252 0%, #a3a3a3 100%)"
                },
                "270-deg-←": {
                    "$name": "color.gradient.neutral.270-deg-←",
                    "$type": "color",
                    "$value": "linear-gradient(270deg, #525252 0%, #a3a3a3 100%)"
                }
            },
            "overlay": {
                "dark": {
                    "0-deg-↑": {
                        "$name": "color.gradient.overlay.dark.0-deg-↑",
                        "$type": "color",
                        "$value": "linear-gradient(180deg, #303030d9 0%, #30303000 100%)"
                    },
                    "180-deg-↓": {
                        "$name": "color.gradient.overlay.dark.180-deg-↓",
                        "$type": "color",
                        "$value": "linear-gradient(180deg, #30303000 0%, #303030d9 100%)"
                    }
                },
                "light": {
                    "0-deg-↑": {
                        "$name": "color.gradient.overlay.light.0-deg-↑",
                        "$type": "color",
                        "$value": "linear-gradient(180deg, #ffffffd9 0%, #ffffff00 100%)"
                    },
                    "180-deg-↓": {
                        "$name": "color.gradient.overlay.light.180-deg-↓",
                        "$type": "color",
                        "$value": "linear-gradient(180deg, #ffffff00 0%, #ffffffd9 100%)"
                    }
                }
            }
        },
        "black-alpha": {
            "50": {
                "$name": "color.black-alpha.50",
                "$type": "color",
                "$value": "#1212120d"
            },
            "100": {
                "$name": "color.black-alpha.100",
                "$type": "color",
                "$value": "#1212121a"
            },
            "200": {
                "$name": "color.black-alpha.200",
                "$type": "color",
                "$value": "#12121233"
            },
            "300": {
                "$name": "color.black-alpha.300",
                "$type": "color",
                "$value": "#1212124d"
            },
            "400": {
                "$name": "color.black-alpha.400",
                "$type": "color",
                "$value": "#12121266"
            },
            "500": {
                "$name": "color.black-alpha.500",
                "$type": "color",
                "$value": "#12121280"
            },
            "600": {
                "$name": "color.black-alpha.600",
                "$type": "color",
                "$value": "#12121299"
            },
            "700": {
                "$name": "color.black-alpha.700",
                "$type": "color",
                "$value": "#121212b3"
            },
            "800": {
                "$name": "color.black-alpha.800",
                "$type": "color",
                "$value": "#131313cc"
            },
            "900": {
                "$name": "color.black-alpha.900",
                "$type": "color",
                "$value": "#121212e6"
            }
        },
        "brand-color": {
            "lyft": {
                "$name": "color.brand-color.lyft",
                "$type": "color",
                "$value": "#ff00bf"
            },
            "uber": {
                "$name": "color.brand-color.uber",
                "$type": "color",
                "$value": "#000000"
            },
            "skype": {
                "$name": "color.brand-color.skype",
                "$type": "color",
                "$value": "#00aff0"
            },
            "slack": {
                "$name": "color.brand-color.slack",
                "$type": "color",
                "$value": "#6ecadc"
            },
            "vimeo": {
                "$name": "color.brand-color.vimeo",
                "$type": "color",
                "$value": "#45bbff"
            },
            "airbnb": {
                "$name": "color.brand-color.airbnb",
                "$type": "color",
                "$value": "#fd5c63"
            },
            "amazon": {
                "$name": "color.brand-color.amazon",
                "$type": "color",
                "$value": "#ff9900"
            },
            "feedly": {
                "$name": "color.brand-color.feedly",
                "$type": "color",
                "$value": "#2bb24c"
            },
            "github": {
                "$name": "color.brand-color.github",
                "$type": "color",
                "$value": "#4078c0"
            },
            "heroku": {
                "$name": "color.brand-color.heroku",
                "$type": "color",
                "$value": "#6762a6"
            },
            "medium": {
                "$name": "color.brand-color.medium",
                "$type": "color",
                "$value": "#00ab6c"
            },
            "meetup": {
                "$name": "color.brand-color.meetup",
                "$type": "color",
                "$value": "#ea2245"
            },
            "paypal": {
                "$name": "color.brand-color.paypal",
                "$type": "color",
                "$value": "#003087"
            },
            "reddit": {
                "$name": "color.brand-color.reddit",
                "$type": "color",
                "$value": "#ff4500"
            },
            "stripe": {
                "$name": "color.brand-color.stripe",
                "$type": "color",
                "$value": "#503cff"
            },
            "tiktok": {
                "$name": "color.brand-color.tiktok",
                "$type": "color",
                "$value": "#ff0050"
            },
            "trello": {
                "$name": "color.brand-color.trello",
                "$type": "color",
                "$value": "#117abd"
            },
            "twitch": {
                "$name": "color.brand-color.twitch",
                "$type": "color",
                "$value": "#6441a5"
            },
            "android": {
                "$name": "color.brand-color.android",
                "$type": "color",
                "$value": "#a4c639"
            },
            "behance": {
                "$name": "color.brand-color.behance",
                "$type": "color",
                "$value": "#1769ff"
            },
            "discord": {
                "$name": "color.brand-color.discord",
                "$type": "color",
                "$value": "#7289da"
            },
            "dropbox": {
                "$name": "color.brand-color.dropbox",
                "$type": "color",
                "$value": "#0061ff"
            },
            "netflix": {
                "$name": "color.brand-color.netflix",
                "$type": "color",
                "$value": "#e50914"
            },
            "patreon": {
                "$name": "color.brand-color.patreon",
                "$type": "color",
                "$value": "#f96854"
            },
            "shopify": {
                "$name": "color.brand-color.shopify",
                "$type": "color",
                "$value": "#96be4f"
            },
            "spotify": {
                "$name": "color.brand-color.spotify",
                "$type": "color",
                "$value": "#1ed760"
            },
            "twitter": {
                "$name": "color.brand-color.twitter",
                "$type": "color",
                "$value": "#00b6f1"
            },
            "youtube": {
                "$name": "color.brand-color.youtube",
                "$type": "color",
                "$value": "#ff0000"
            },
            "dribbble": {
                "$name": "color.brand-color.dribbble",
                "$type": "color",
                "$value": "#ea4c89"
            },
            "facebook": {
                "$name": "color.brand-color.facebook",
                "$type": "color",
                "$value": "#3b5998"
            },
            "linkedin": {
                "$name": "color.brand-color.linkedin",
                "$type": "color",
                "$value": "#0077b5"
            },
            "snapchat": {
                "$name": "color.brand-color.snapchat",
                "$type": "color",
                "$value": "#fffc00"
            },
            "telegram": {
                "$name": "color.brand-color.telegram",
                "$type": "color",
                "$value": "#0088cc"
            },
            "whatsapp": {
                "$name": "color.brand-color.whatsapp",
                "$type": "color",
                "$value": "#25d366"
            },
            "instagram": {
                "$name": "color.brand-color.instagram",
                "$type": "color",
                "$value": "#4c5fd7"
            },
            "messenger": {
                "$name": "color.brand-color.messenger",
                "$type": "color",
                "$value": "#1787fb"
            },
            "pinterest": {
                "$name": "color.brand-color.pinterest",
                "$type": "color",
                "$value": "#cb2027"
            },
            "kickstarter": {
                "$name": "color.brand-color.kickstarter",
                "$type": "color",
                "$value": "#2bde73"
            },
            "product-hunt": {
                "$name": "color.brand-color.product-hunt",
                "$type": "color",
                "$value": "#da552f"
            }
        },
        "transparent": {
            "$name": "color.transparent",
            "$type": "color",
            "$value": "rgba(255,255,255,0)"
        },
        "white-alpha": {
            "50": {
                "$name": "color.white-alpha.50",
                "$type": "color",
                "$value": "#ffffff0d"
            },
            "100": {
                "$name": "color.white-alpha.100",
                "$type": "color",
                "$value": "#ffffff1a"
            },
            "200": {
                "$name": "color.white-alpha.200",
                "$type": "color",
                "$value": "#ffffff33"
            },
            "300": {
                "$name": "color.white-alpha.300",
                "$type": "color",
                "$value": "#ffffff4d"
            },
            "400": {
                "$name": "color.white-alpha.400",
                "$type": "color",
                "$value": "#ffffff66"
            },
            "500": {
                "$name": "color.white-alpha.500",
                "$type": "color",
                "$value": "#ffffff80"
            },
            "600": {
                "$name": "color.white-alpha.600",
                "$type": "color",
                "$value": "#ffffff99"
            },
            "700": {
                "$name": "color.white-alpha.700",
                "$type": "color",
                "$value": "#ffffffb3"
            },
            "800": {
                "$name": "color.white-alpha.800",
                "$type": "color",
                "$value": "#ffffffcc"
            },
            "900": {
                "$name": "color.white-alpha.900",
                "$type": "color",
                "$value": "#ffffffe6"
            }
        }
    },
    "radii": {
        "50": {
            "$name": "radii.50",
            "$type": "borderRadius",
            "$value": "{radii.base} * .5"
        },
        "75": {
            "$name": "radii.75",
            "$type": "borderRadius",
            "$value": "{radii.base} * .75"
        },
        "100": {
            "$name": "radii.100",
            "$type": "borderRadius",
            "$value": "{radii.base} * 1"
        },
        "150": {
            "$name": "radii.150",
            "$type": "borderRadius",
            "$value": "{radii.base} * 1.5"
        },
        "200": {
            "$name": "radii.200",
            "$type": "borderRadius",
            "$value": "{radii.base} * 2"
        },
        "250": {
            "$name": "radii.250",
            "$type": "borderRadius",
            "$value": "{radii.base} * 2.50"
        },
        "300": {
            "$name": "radii.300",
            "$type": "borderRadius",
            "$value": "{radii.base} * 3"
        },
        "400": {
            "$name": "radii.400",
            "$type": "borderRadius",
            "$value": "{radii.base} * 4"
        },
        "500": {
            "$name": "radii.500",
            "$type": "borderRadius",
            "$value": "{radii.base} * 5"
        },
        "600": {
            "$name": "radii.600",
            "$type": "borderRadius",
            "$value": "{radii.base} * 6"
        },
        "800": {
            "$name": "radii.800",
            "$type": "borderRadius",
            "$value": "{radii.base} * 8"
        },
        "base": {
            "$name": "radii.base",
            "$type": "borderRadius",
            "$value": "8"
        },
        "none": {
            "$name": "radii.none",
            "$type": "borderRadius",
            "$value": "0"
        },
        "round": {
            "$name": "radii.round",
            "$type": "borderRadius",
            "$value": "9999"
        }
    },
    "space": {
        "25": {
            "$name": "space.25",
            "$type": "spacing",
            "$value": "{space.base} * .25"
        },
        "100": {
            "$name": "space.100",
            "$type": "spacing",
            "$value": "{space.base} * 1"
        },
        "150": {
            "$name": "space.150",
            "$type": "spacing",
            "$value": "{space.base} * 1.5"
        },
        "200": {
            "$name": "space.200",
            "$type": "spacing",
            "$value": "{space.base} * 2"
        },
        "250": {
            "$name": "space.250",
            "$type": "spacing",
            "$value": "{space.base} * 2.50"
        },
        "300": {
            "$name": "space.300",
            "$type": "spacing",
            "$value": "{space.base} * 3"
        },
        "400": {
            "$name": "space.400",
            "$type": "spacing",
            "$value": "{space.base} * 4"
        },
        "500": {
            "$name": "space.500",
            "$type": "spacing",
            "$value": "{space.base} * 5"
        },
        "600": {
            "$name": "space.600",
            "$type": "spacing",
            "$value": "{space.base} * 6"
        },
        "700": {
            "$name": "space.700",
            "$type": "spacing",
            "$value": "{space.base} * 7"
        },
        "800": {
            "$name": "space.800",
            "$type": "spacing",
            "$value": "{space.base} * 8"
        },
        "900": {
            "$name": "space.900",
            "$type": "spacing",
            "$value": "{space.base} * 9"
        },
        "1000": {
            "$name": "space.1000",
            "$type": "spacing",
            "$value": "{space.base} * 10"
        },
        "1200": {
            "$name": "space.1200",
            "$type": "spacing",
            "$value": "{space.base} * 12"
        },
        "1600": {
            "$name": "space.1600",
            "$type": "spacing",
            "$value": "{space.base} * 16"
        },
        "2000": {
            "$name": "space.2000",
            "$type": "spacing",
            "$value": "{space.base} * 20"
        },
        "2200": {
            "$name": "space.2200",
            "$type": "spacing",
            "$value": "{space.base} * 22"
        },
        "2600": {
            "$name": "space.2600",
            "$type": "spacing",
            "$value": "{space.base} * 26"
        },
        "base": {
            "$name": "space.base",
            "$type": "spacing",
            "$value": "8"
        }
    },
    "shadow": {
        "none": {
            "$name": "shadow.none",
            "$type": "boxShadow",
            "$value": {
                "x": "0",
                "y": "0",
                "blur": "0",
                "type": "innerShadow",
                "color": "rgba(0,0,0,0)",
                "spread": "0"
            }
        },
        "primary": {
            "100": {
                "$name": "shadow.primary.100",
                "$type": "boxShadow",
                "$value": [
                    {
                        "x": "0",
                        "y": "1",
                        "blur": "1",
                        "type": "dropShadow",
                        "color": "#3b28cc1a",
                        "spread": "0"
                    },
                    {
                        "x": "0",
                        "y": "0",
                        "blur": "1",
                        "type": "dropShadow",
                        "color": "#3b28cc0d",
                        "spread": "0"
                    }
                ]
            },
            "200": {
                "$name": "shadow.primary.200",
                "$type": "boxShadow",
                "$value": [
                    {
                        "x": "0",
                        "y": "2",
                        "blur": "4",
                        "type": "dropShadow",
                        "color": "#3b28cc1a",
                        "spread": "0"
                    },
                    {
                        "x": "0",
                        "y": "0",
                        "blur": "1",
                        "type": "dropShadow",
                        "color": "#3b28cc0d",
                        "spread": "0"
                    }
                ]
            },
            "300": {
                "$name": "shadow.primary.300",
                "$type": "boxShadow",
                "$value": [
                    {
                        "x": "0",
                        "y": "4",
                        "blur": "8",
                        "type": "dropShadow",
                        "color": "#3b28cc1a",
                        "spread": "0"
                    },
                    {
                        "x": "0",
                        "y": "0",
                        "blur": "1",
                        "type": "dropShadow",
                        "color": "#3b28cc0d",
                        "spread": "0"
                    }
                ]
            },
            "400": {
                "$name": "shadow.primary.400",
                "$type": "boxShadow",
                "$value": [
                    {
                        "x": "0",
                        "y": "8",
                        "blur": "16",
                        "type": "dropShadow",
                        "color": "#3b28cc1a",
                        "spread": "0"
                    },
                    {
                        "x": "0",
                        "y": "0",
                        "blur": "1",
                        "type": "dropShadow",
                        "color": "#3b28cc0d",
                        "spread": "0"
                    }
                ]
            },
            "500": {
                "$name": "shadow.primary.500",
                "$type": "boxShadow",
                "$value": [
                    {
                        "x": "0",
                        "y": "16",
                        "blur": "24",
                        "type": "dropShadow",
                        "color": "#3b28cc17",
                        "spread": "0"
                    },
                    {
                        "x": "0",
                        "y": "0",
                        "blur": "1",
                        "type": "dropShadow",
                        "color": "#3b28cc0d",
                        "spread": "0"
                    }
                ]
            },
            "600": {
                "$name": "shadow.primary.600",
                "$type": "boxShadow",
                "$value": [
                    {
                        "x": "0",
                        "y": "24",
                        "blur": "40",
                        "type": "dropShadow",
                        "color": "#3b28cc14",
                        "spread": "0"
                    },
                    {
                        "x": "0",
                        "y": "0",
                        "blur": "1",
                        "type": "dropShadow",
                        "color": "#3b28cc0d",
                        "spread": "0"
                    }
                ]
            }
        },
        "secondary": {
            "100": {
                "$name": "shadow.secondary.100",
                "$type": "boxShadow",
                "$value": [
                    {
                        "x": "0",
                        "y": "1",
                        "blur": "1",
                        "type": "dropShadow",
                        "color": "#2667ff1a",
                        "spread": "0"
                    },
                    {
                        "x": "0",
                        "y": "0",
                        "blur": "1",
                        "type": "dropShadow",
                        "color": "#2667ff0d",
                        "spread": "0"
                    }
                ]
            },
            "200": {
                "$name": "shadow.secondary.200",
                "$type": "boxShadow",
                "$value": [
                    {
                        "x": "0",
                        "y": "2",
                        "blur": "4",
                        "type": "dropShadow",
                        "color": "#2667ff1a",
                        "spread": "0"
                    },
                    {
                        "x": "0",
                        "y": "0",
                        "blur": "1",
                        "type": "dropShadow",
                        "color": "#2667ff0d",
                        "spread": "0"
                    }
                ]
            },
            "300": {
                "$name": "shadow.secondary.300",
                "$type": "boxShadow",
                "$value": [
                    {
                        "x": "0",
                        "y": "4",
                        "blur": "8",
                        "type": "dropShadow",
                        "color": "#2667ff1a",
                        "spread": "0"
                    },
                    {
                        "x": "0",
                        "y": "0",
                        "blur": "1",
                        "type": "dropShadow",
                        "color": "#2667ff0d",
                        "spread": "0"
                    }
                ]
            },
            "400": {
                "$name": "shadow.secondary.400",
                "$type": "boxShadow",
                "$value": [
                    {
                        "x": "0",
                        "y": "8",
                        "blur": "16",
                        "type": "dropShadow",
                        "color": "#2667ff1a",
                        "spread": "0"
                    },
                    {
                        "x": "0",
                        "y": "0",
                        "blur": "1",
                        "type": "dropShadow",
                        "color": "#2667ff0d",
                        "spread": "0"
                    }
                ]
            },
            "500": {
                "$name": "shadow.secondary.500",
                "$type": "boxShadow",
                "$value": [
                    {
                        "x": "0",
                        "y": "16",
                        "blur": "24",
                        "type": "dropShadow",
                        "color": "#2667ff17",
                        "spread": "0"
                    },
                    {
                        "x": "0",
                        "y": "0",
                        "blur": "1",
                        "type": "dropShadow",
                        "color": "#2667ff0d",
                        "spread": "0"
                    }
                ]
            },
            "600": {
                "$name": "shadow.secondary.600",
                "$type": "boxShadow",
                "$value": [
                    {
                        "x": "0",
                        "y": "24",
                        "blur": "40",
                        "type": "dropShadow",
                        "color": "#2667ff14",
                        "spread": "0"
                    },
                    {
                        "x": "0",
                        "y": "0",
                        "blur": "1",
                        "type": "dropShadow",
                        "color": "#2667ff0d",
                        "spread": "0"
                    }
                ]
            }
        }
    },
    "opacity": {
        "0": {
            "$name": "opacity.0",
            "$type": "opacity",
            "$value": "0"
        },
        "25": {
            "$name": "opacity.25",
            "$type": "opacity",
            "$value": "0.25"
        },
        "50": {
            "$name": "opacity.50",
            "$type": "opacity",
            "$value": "0.5"
        },
        "75": {
            "$name": "opacity.75",
            "$type": "opacity",
            "$value": "0.75"
        },
        "100": {
            "$name": "opacity.100",
            "$type": "opacity",
            "$value": "1"
        }
    },
    "borderWidth": {
        "100": {
            "$name": "borderWidth.100",
            "$type": "borderWidth",
            "$value": "1"
        },
        "200": {
            "$name": "borderWidth.200",
            "$type": "borderWidth",
            "$value": "2"
        },
        "400": {
            "$name": "borderWidth.400",
            "$type": "borderWidth",
            "$value": "4"
        },
        "lg": {
            "$name": "borderWidth.lg",
            "$type": "borderWidth",
            "$value": "4"
        },
        "md": {
            "$name": "borderWidth.md",
            "$type": "borderWidth",
            "$value": "2"
        },
        "sm": {
            "$name": "borderWidth.sm",
            "$type": "borderWidth",
            "$value": "1"
        },
        "none": {
            "$name": "borderWidth.none",
            "$type": "borderWidth",
            "$value": "0"
        }
    }
}