{
    "semantic": {
        "ui": {
            "border-radius": {
                "$name": "semantic.ui.border-radius",
                "$type": "borderRadius",
                "$value": "{radii.none}",
                "$description": "Sharp edges"
            }
        },
        "comp": {
            "border-radius": {
                "$name": "semantic.comp.border-radius",
                "$type": "borderRadius",
                "$value": "{radii.none}"
            }
        },
        "size": {
            "comp": {
                "lg": {
                    "$name": "semantic.size.comp.lg",
                    "$type": "sizing",
                    "$value": "{size.450}"
                },
                "md": {
                    "$name": "semantic.size.comp.md",
                    "$type": "sizing",
                    "$value": "{size.250}"
                },
                "sm": {
                    "$name": "semantic.size.comp.sm",
                    "$type": "sizing",
                    "$value": "{size.200}"
                }
            },
            "pattern": {
                "lg": {
                    "$name": "semantic.size.pattern.lg",
                    "$type": "sizing",
                    "$value": "{size.700}"
                },
                "md": {
                    "$name": "semantic.size.pattern.md",
                    "$type": "sizing",
                    "$value": "{size.600}"
                }
            },
            "section": {
                "lg": {
                    "$name": "semantic.size.section.lg",
                    "$type": "sizing",
                    "$value": "{size.6750}"
                },
                "md": {
                    "$name": "semantic.size.section.md",
                    "$type": "sizing",
                    "$value": "{size.450}"
                },
                "sm": {
                    "$name": "semantic.size.section.sm",
                    "$type": "sizing",
                    "$value": "{size.300}"
                }
            }
        },
        "color": {
            "bg": {
                "muted": {
                    "$name": "semantic.color.bg.muted",
                    "$type": "color",
                    "$value": "{color.gray.300}"
                },
                "canvas": {
                    "$name": "semantic.color.bg.canvas",
                    "$type": "color",
                    "$value": "{color.gray.50}"
                },
                "subtle": {
                    "$name": "semantic.color.bg.subtle",
                    "$type": "color",
                    "$value": "{color.gray.50}"
                },
                "overlay": {
                    "$name": "semantic.color.bg.overlay",
                    "$type": "color",
                    "$value": "{color.white-alpha.400}"
                },
                "surface": {
                    "$name": "semantic.color.bg.surface",
                    "$type": "color",
                    "$value": "{color.white}"
                }
            },
            "fg": {
                "muted": {
                    "$name": "semantic.color.fg.muted",
                    "$type": "color",
                    "$value": "{color.gray.700}"
                },
                "subtle": {
                    "$name": "semantic.color.fg.subtle",
                    "$type": "color",
                    "$value": "{color.gray.500}"
                },
                "default": {
                    "$name": "semantic.color.fg.default",
                    "$type": "color",
                    "$value": "{color.black}"
                },
                "disabled": {
                    "$name": "semantic.color.fg.disabled",
                    "$type": "color",
                    "$value": "{color.gray.400}"
                },
                "on-accent": {
                    "$name": "semantic.color.fg.on-accent",
                    "$type": "color",
                    "$value": "{color.black}"
                },
                "on-disabled": {
                    "$name": "semantic.color.fg.on-disabled",
                    "$type": "color",
                    "$value": "{color.gray.600}"
                }
            },
            "info": {
                "muted": {
                    "$name": "semantic.color.info.muted",
                    "$type": "color",
                    "$value": "{color.blue.300}"
                },
                "subtle": {
                    "$name": "semantic.color.info.subtle",
                    "$type": "color",
                    "$value": "{color.blue.100}"
                },
                "default": {
                    "$name": "semantic.color.info.default",
                    "$type": "color",
                    "$value": "{color.blue.600}"
                },
                "on-info": {
                    "$name": "semantic.color.info.on-info",
                    "$type": "color",
                    "$value": "{color.white}"
                },
                "emphasis": {
                    "$name": "semantic.color.info.emphasis",
                    "$type": "color",
                    "$value": "{color.blue.500}"
                }
            },
            "error": {
                "muted": {
                    "$name": "semantic.color.error.muted",
                    "$type": "color",
                    "$value": "{color.red.400}"
                },
                "subtle": {
                    "$name": "semantic.color.error.subtle",
                    "$type": "color",
                    "$value": "{color.red.100}"
                },
                "default": {
                    "$name": "semantic.color.error.default",
                    "$type": "color",
                    "$value": "{color.red.600}"
                },
                "emphasis": {
                    "$name": "semantic.color.error.emphasis",
                    "$type": "color",
                    "$value": "{color.red.500}"
                },
                "on-error": {
                    "$name": "semantic.color.error.on-error",
                    "$type": "color",
                    "$value": "{color.white}"
                }
            },
            "accent": {
                "muted": {
                    "$name": "semantic.color.accent.muted",
                    "$type": "color",
                    "$value": "{color.amber.400}"
                },
                "subtle": {
                    "$name": "semantic.color.accent.subtle",
                    "$type": "color",
                    "$value": "{color.emerald.50}"
                },
                "default": {
                    "$name": "semantic.color.accent.default",
                    "$type": "color",
                    "$value": "{color.yellow.400}"
                },
                "disabled": {
                    "$name": "semantic.color.accent.disabled",
                    "$type": "color",
                    "$value": "{color.gray.300}"
                },
                "emphasis": {
                    "$name": "semantic.color.accent.emphasis",
                    "$type": "color",
                    "$value": "{color.amber.400}"
                }
            },
            "success": {
                "muted": {
                    "$name": "semantic.color.success.muted",
                    "$type": "color",
                    "$value": "{color.green.400}"
                },
                "subtle": {
                    "$name": "semantic.color.success.subtle",
                    "$type": "color",
                    "$value": "{color.green.100}"
                },
                "default": {
                    "$name": "semantic.color.success.default",
                    "$type": "color",
                    "$value": "{color.green.600}"
                },
                "emphasis": {
                    "$name": "semantic.color.success.emphasis",
                    "$type": "color",
                    "$value": "{color.green.500}"
                },
                "on-success": {
                    "$name": "semantic.color.success.on-success",
                    "$type": "color",
                    "$value": "{color.white}"
                }
            },
            "warning": {
                "muted": {
                    "$name": "semantic.color.warning.muted",
                    "$type": "color",
                    "$value": "{color.yellow.300}"
                },
                "subtle": {
                    "$name": "semantic.color.warning.subtle",
                    "$type": "color",
                    "$value": "{color.yellow.100}"
                },
                "default": {
                    "$name": "semantic.color.warning.default",
                    "$type": "color",
                    "$value": "{color.yellow.600}"
                },
                "emphasis": {
                    "$name": "semantic.color.warning.emphasis",
                    "$type": "color",
                    "$value": "{color.yellow.500}"
                },
                "on-warning": {
                    "$name": "semantic.color.warning.on-warning",
                    "$type": "color",
                    "$value": "{color.black}"
                }
            }
        },
        "Shadow": {
            "none": {
                "$name": "semantic.Shadow.none",
                "$type": "boxShadow",
                "$value": "{shadow.none}"
            }
        },
        "fontSize": {
            "lg": {
                "$name": "semantic.fontSize.lg",
                "$type": "fontSizes",
                "$value": "roundTo({semantic.fontSize._base} * {semantic.fontSize._scale}, 0)"
            },
            "md": {
                "$name": "semantic.fontSize.md",
                "$type": "fontSizes",
                "$value": "{semantic.fontSize._base}*{semantic.fontSize._scale}^0"
            },
            "sm": {
                "$name": "semantic.fontSize.sm",
                "$type": "fontSizes",
                "$value": "roundTo({semantic.fontSize._base} / {semantic.fontSize._scale}, 0)"
            },
            "xl": {
                "$name": "semantic.fontSize.xl",
                "$type": "fontSizes",
                "$value": "roundTo({semantic.fontSize._base} * {semantic.fontSize._scale}^2)"
            },
            "xs": {
                "$name": "semantic.fontSize.xs",
                "$type": "fontSizes",
                "$value": "roundTo({semantic.fontSize._base} / {semantic.fontSize._scale}^2, 0)"
            },
            "2xl": {
                "$name": "semantic.fontSize.2xl",
                "$type": "fontSizes",
                "$value": "roundTo({semantic.fontSize._base} * {semantic.fontSize._scale}^3, 0)"
            },
            "3xl": {
                "$name": "semantic.fontSize.3xl",
                "$type": "fontSizes",
                "$value": "roundTo({semantic.fontSize._base} * {semantic.fontSize._scale}^4)"
            },
            "4xl": {
                "$name": "semantic.fontSize.4xl",
                "$type": "fontSizes",
                "$value": "roundTo({semantic.fontSize._base} * {semantic.fontSize._scale}^5, 0)"
            },
            "5xl": {
                "$name": "semantic.fontSize.5xl",
                "$type": "fontSizes",
                "$value": "roundTo({semantic.fontSize._base} * {semantic.fontSize._scale}^6, 0)"
            },
            "6xl": {
                "$name": "semantic.fontSize.6xl",
                "$type": "fontSizes",
                "$value": "roundTo({semantic.fontSize._base} * {semantic.fontSize._scale}^7, 0)"
            },
            "7xl": {
                "$name": "semantic.fontSize.7xl",
                "$type": "fontSizes",
                "$value": "roundTo({semantic.fontSize._base} * {semantic.fontSize._scale}^8, 0)"
            },
            "8xl": {
                "$name": "semantic.fontSize.8xl",
                "$type": "fontSizes",
                "$value": "roundTo({semantic.fontSize._base} * {semantic.fontSize._scale}^9, 0)"
            },
            "9xl": {
                "$name": "semantic.fontSize.9xl",
                "$type": "fontSizes",
                "$value": "roundTo({semantic.fontSize._base} * {semantic.fontSize._scale}^10, 0)"
            },
            "xxs": {
                "$name": "semantic.fontSize.xxs",
                "$type": "fontSizes",
                "$value": "roundTo({semantic.fontSize._base} / {semantic.fontSize._scale}^3, 0)"
            },
            "10xl": {
                "$name": "semantic.fontSize.10xl",
                "$type": "fontSizes",
                "$value": "roundTo({semantic.fontSize.9xl} * {semantic.fontSize._scale}, 0)"
            },
            "_base": {
                "$name": "semantic.fontSize._base",
                "$type": "fontSizes",
                "$value": "20"
            },
            "_scale": {
                "$name": "semantic.fontSize._scale",
                "$type": "fontSizes",
                "$value": "1.2"
            }
        },
        "textCase": {
            "none": {
                "$name": "semantic.textCase.none",
                "$type": "textCase",
                "$value": "none"
            },
            "buttons": {
                "$name": "semantic.textCase.buttons",
                "$type": "textCase",
                "$value": "none"
            },
            "captions": {
                "$name": "semantic.textCase.captions",
                "$type": "textCase",
                "$value": "none"
            },
            "headlines": {
                "$name": "semantic.textCase.headlines",
                "$type": "textCase",
                "$value": "none"
            }
        },
        "typography": {
            "body": {
                "bold": {
                    "$name": "semantic.typography.body.bold",
                    "$type": "typography",
                    "$value": {
                        "fontSize": "{semantic.fontSize.lg}",
                        "textCase": "{semantic.textCase.none}",
                        "fontFamily": "{semantic.fontFamilies.body}",
                        "fontWeight": "{semantic.fontWeights.body.bold}",
                        "lineHeight": "{semantic.lineHeights.body.default}",
                        "letterSpacing": "{semantic.letterSpacing.body}",
                        "textDecoration": "{semantic.textDecoration.none}",
                        "paragraphSpacing": "{semantic.paragraphSpacing.default}"
                    }
                },
                "regular": {
                    "$name": "semantic.typography.body.regular",
                    "$type": "typography",
                    "$value": {
                        "fontSize": "{semantic.fontSize.lg}",
                        "textCase": "{semantic.textCase.none}",
                        "fontFamily": "{semantic.fontFamilies.body}",
                        "fontWeight": "{semantic.fontWeights.body.regular}",
                        "lineHeight": "{semantic.lineHeights.body.default}",
                        "letterSpacing": "{semantic.letterSpacing.body}",
                        "textDecoration": "{semantic.textDecoration.none}",
                        "paragraphSpacing": "{semantic.paragraphSpacing.default}"
                    }
                },
                "semi-bold": {
                    "$name": "semantic.typography.body.semi-bold",
                    "$type": "typography",
                    "$value": {
                        "fontSize": "{semantic.fontSize.lg}",
                        "textCase": "{semantic.textCase.none}",
                        "fontFamily": "{semantic.fontFamilies.body}",
                        "fontWeight": "{semantic.fontWeights.headlines.semi-bold}",
                        "lineHeight": "{semantic.lineHeights.body.default}",
                        "letterSpacing": "{semantic.letterSpacing.body}",
                        "textDecoration": "{semantic.textDecoration.none}",
                        "paragraphSpacing": "{semantic.paragraphSpacing.default}"
                    }
                }
            },
            "hero": {
                "bold": {
                    "$name": "semantic.typography.hero.bold",
                    "$type": "typography",
                    "$value": {
                        "fontSize": "{semantic.fontSize.8xl}",
                        "textCase": "{semantic.textCase.headlines}",
                        "fontFamily": "{semantic.fontFamilies.headlines}",
                        "fontWeight": "{semantic.fontWeights.headlines.bold}",
                        "lineHeight": "{semantic.lineHeights.headlines.default}",
                        "letterSpacing": "{semantic.letterSpacing.headlines}",
                        "textDecoration": "{semantic.textDecoration.none}",
                        "paragraphSpacing": "{semantic.paragraphSpacing.default}"
                    }
                },
                "regular": {
                    "$name": "semantic.typography.hero.regular",
                    "$type": "typography",
                    "$value": {
                        "fontSize": "{semantic.fontSize.8xl}",
                        "textCase": "{semantic.textCase.headlines}",
                        "fontFamily": "{semantic.fontFamilies.headlines}",
                        "fontWeight": "{semantic.fontWeights.headlines.regular}",
                        "lineHeight": "{semantic.lineHeights.headlines.default}",
                        "letterSpacing": "{semantic.letterSpacing.headlines}",
                        "textDecoration": "{semantic.textDecoration.none}",
                        "paragraphSpacing": "{semantic.paragraphSpacing.default}"
                    }
                }
            },
            "lead": {
                "bold": {
                    "$name": "semantic.typography.lead.bold",
                    "$type": "typography",
                    "$value": {
                        "fontSize": "{semantic.fontSize.2xl}",
                        "textCase": "{semantic.textCase.none}",
                        "fontFamily": "{semantic.fontFamilies.body}",
                        "fontWeight": "{semantic.fontWeights.body.bold}",
                        "lineHeight": "{semantic.lineHeights.body.default}",
                        "letterSpacing": "{semantic.letterSpacing.body}",
                        "textDecoration": "{semantic.textDecoration.none}",
                        "paragraphSpacing": "{semantic.paragraphSpacing.default}"
                    }
                },
                "regular": {
                    "$name": "semantic.typography.lead.regular",
                    "$type": "typography",
                    "$value": {
                        "fontSize": "{semantic.fontSize.2xl}",
                        "textCase": "{semantic.textCase.none}",
                        "fontFamily": "{semantic.fontFamilies.body}",
                        "fontWeight": "{semantic.fontWeights.body.regular}",
                        "lineHeight": "{semantic.lineHeights.body.default}",
                        "letterSpacing": "{semantic.letterSpacing.body}",
                        "textDecoration": "{semantic.textDecoration.none}",
                        "paragraphSpacing": "{semantic.paragraphSpacing.default}"
                    }
                }
            },
            "tiny": {
                "bold": {
                    "$name": "semantic.typography.tiny.bold",
                    "$type": "typography",
                    "$value": {
                        "fontSize": "{semantic.fontSize.xxs}",
                        "textCase": "{semantic.textCase.none}",
                        "fontFamily": "{semantic.fontFamilies.body}",
                        "fontWeight": "{semantic.fontWeights.body.bold}",
                        "lineHeight": "{semantic.lineHeights.body.default}",
                        "letterSpacing": "{semantic.letterSpacing.body}",
                        "textDecoration": "{semantic.textDecoration.none}",
                        "paragraphSpacing": "{semantic.paragraphSpacing.default}"
                    }
                },
                "regular": {
                    "$name": "semantic.typography.tiny.regular",
                    "$type": "typography",
                    "$value": {
                        "fontSize": "{semantic.fontSize.xxs}",
                        "textCase": "{semantic.textCase.none}",
                        "fontFamily": "{semantic.fontFamilies.body}",
                        "fontWeight": "{semantic.fontWeights.body.regular}",
                        "lineHeight": "{semantic.lineHeights.body.default}",
                        "letterSpacing": "{semantic.letterSpacing.body}",
                        "textDecoration": "{semantic.textDecoration.none}",
                        "paragraphSpacing": "{semantic.paragraphSpacing.default}"
                    }
                }
            },
            "uber": {
                "bold": {
                    "$name": "semantic.typography.uber.bold",
                    "$type": "typography",
                    "$value": {
                        "fontSize": "{semantic.fontSize.9xl}",
                        "textCase": "{semantic.textCase.headlines}",
                        "fontFamily": "{semantic.fontFamilies.headlines}",
                        "fontWeight": "{semantic.fontWeights.headlines.bold}",
                        "lineHeight": "{semantic.lineHeights.headlines.lg}",
                        "letterSpacing": "{semantic.letterSpacing.headlines}",
                        "textDecoration": "{semantic.textDecoration.none}",
                        "paragraphSpacing": "{semantic.paragraphSpacing.default}"
                    }
                },
                "regular": {
                    "$name": "semantic.typography.uber.regular",
                    "$type": "typography",
                    "$value": {
                        "fontSize": "{semantic.fontSize.9xl}",
                        "textCase": "{semantic.textCase.headlines}",
                        "fontFamily": "{semantic.fontFamilies.headlines}",
                        "fontWeight": "{semantic.fontWeights.headlines.regular}",
                        "lineHeight": "{semantic.lineHeights.headlines.lg}",
                        "letterSpacing": "{semantic.letterSpacing.headlines}",
                        "textDecoration": "{semantic.textDecoration.none}",
                        "paragraphSpacing": "{semantic.paragraphSpacing.default}"
                    }
                }
            },
            "input": {
                "large": {
                    "bold": {
                        "$name": "semantic.typography.input.large.bold",
                        "$type": "typography",
                        "$value": {
                            "fontSize": "{semantic.fontSize.lg}",
                            "textCase": "{semantic.textCase.none}",
                            "fontFamily": "{semantic.fontFamilies.body}",
                            "fontWeight": "{semantic.fontWeights.body.bold}",
                            "lineHeight": "{semantic.lineHeights.body.default}",
                            "letterSpacing": "{semantic.letterSpacing.body}",
                            "textDecoration": "{semantic.textDecoration.none}",
                            "paragraphSpacing": "{semantic.paragraphSpacing.default}"
                        }
                    },
                    "regular": {
                        "$name": "semantic.typography.input.large.regular",
                        "$type": "typography",
                        "$value": {
                            "fontSize": "{semantic.fontSize.lg}",
                            "textCase": "{semantic.textCase.none}",
                            "fontFamily": "{semantic.fontFamilies.body}",
                            "fontWeight": "{semantic.fontWeights.body.regular}",
                            "lineHeight": "{semantic.lineHeights.body.default}",
                            "letterSpacing": "{semantic.letterSpacing.body}",
                            "textDecoration": "{semantic.textDecoration.none}",
                            "paragraphSpacing": "{semantic.paragraphSpacing.default}"
                        }
                    }
                },
                "normal": {
                    "bold": {
                        "$name": "semantic.typography.input.normal.bold",
                        "$type": "typography",
                        "$value": {
                            "fontSize": "{semantic.fontSize._base}",
                            "textCase": "{semantic.textCase.none}",
                            "fontFamily": "{semantic.fontFamilies.body}",
                            "fontWeight": "{semantic.fontWeights.body.bold}",
                            "lineHeight": "{semantic.lineHeights.body.default}",
                            "letterSpacing": "{semantic.letterSpacing.body}",
                            "textDecoration": "{semantic.textDecoration.none}",
                            "paragraphSpacing": "{semantic.paragraphSpacing.default}"
                        }
                    },
                    "regular": {
                        "$name": "semantic.typography.input.normal.regular",
                        "$type": "typography",
                        "$value": {
                            "fontSize": "{semantic.fontSize._base}",
                            "textCase": "{semantic.textCase.none}",
                            "fontFamily": "{semantic.fontFamilies.body}",
                            "fontWeight": "{semantic.fontWeights.body.regular}",
                            "lineHeight": "{semantic.lineHeights.body.default}",
                            "letterSpacing": "{semantic.letterSpacing.body}",
                            "textDecoration": "{semantic.textDecoration.none}",
                            "paragraphSpacing": "{semantic.paragraphSpacing.default}"
                        }
                    }
                }
            },
            "small": {
                "bold": {
                    "$name": "semantic.typography.small.bold",
                    "$type": "typography",
                    "$value": {
                        "fontSize": "{semantic.fontSize._base}",
                        "textCase": "{semantic.textCase.none}",
                        "fontFamily": "{semantic.fontFamilies.body}",
                        "fontWeight": "{semantic.fontWeights.body.bold}",
                        "lineHeight": "{semantic.lineHeights.body.default}",
                        "letterSpacing": "{semantic.letterSpacing.body}",
                        "textDecoration": "{semantic.textDecoration.none}",
                        "paragraphSpacing": "{semantic.paragraphSpacing.default}"
                    }
                },
                "regular": {
                    "$name": "semantic.typography.small.regular",
                    "$type": "typography",
                    "$value": {
                        "fontSize": "{semantic.fontSize._base}",
                        "textCase": "{semantic.textCase.none}",
                        "fontFamily": "{semantic.fontFamilies.body}",
                        "fontWeight": "{semantic.fontWeights.body.regular}",
                        "lineHeight": "{semantic.lineHeights.body.default}",
                        "letterSpacing": "{semantic.letterSpacing.body}",
                        "textDecoration": "{semantic.textDecoration.none}",
                        "paragraphSpacing": "{semantic.paragraphSpacing.default}"
                    }
                }
            },
            "button": {
                "large": {
                    "bold": {
                        "$name": "semantic.typography.button.large.bold",
                        "$type": "typography",
                        "$value": {
                            "fontSize": "{semantic.fontSize._base}",
                            "textCase": "{semantic.textCase.buttons}",
                            "fontFamily": "{semantic.fontFamilies.body}",
                            "fontWeight": "{semantic.fontWeights.body.bold}",
                            "lineHeight": "{semantic.lineHeights.body.default}",
                            "letterSpacing": "{semantic.letterSpacing.buttons}",
                            "textDecoration": "{semantic.textDecoration.buttons}",
                            "paragraphSpacing": "{semantic.paragraphSpacing.default}"
                        }
                    },
                    "regular": {
                        "$name": "semantic.typography.button.large.regular",
                        "$type": "typography",
                        "$value": {
                            "fontSize": "{semantic.fontSize._base}",
                            "textCase": "{semantic.textCase.buttons}",
                            "fontFamily": "{semantic.fontFamilies.body}",
                            "fontWeight": "{semantic.fontWeights.body.regular}",
                            "lineHeight": "{semantic.lineHeights.body.default}",
                            "letterSpacing": "{semantic.letterSpacing.buttons}",
                            "textDecoration": "{semantic.textDecoration.buttons}",
                            "paragraphSpacing": "{semantic.paragraphSpacing.default}"
                        }
                    }
                },
                "normal": {
                    "bold": {
                        "$name": "semantic.typography.button.normal.bold",
                        "$type": "typography",
                        "$value": {
                            "fontSize": "{semantic.fontSize.sm}",
                            "textCase": "{semantic.textCase.buttons}",
                            "fontFamily": "{semantic.fontFamilies.body}",
                            "fontWeight": "{semantic.fontWeights.body.bold}",
                            "lineHeight": "{semantic.lineHeights.body.default}",
                            "letterSpacing": "{semantic.letterSpacing.buttons}",
                            "textDecoration": "{semantic.textDecoration.buttons}",
                            "paragraphSpacing": "{semantic.paragraphSpacing.default}"
                        }
                    },
                    "regular": {
                        "$name": "semantic.typography.button.normal.regular",
                        "$type": "typography",
                        "$value": {
                            "fontSize": "{semantic.fontSize.sm}",
                            "textCase": "{semantic.textCase.buttons}",
                            "fontFamily": "{semantic.fontFamilies.body}",
                            "fontWeight": "{semantic.fontWeights.body.regular}",
                            "lineHeight": "{semantic.lineHeights.body.default}",
                            "letterSpacing": "{semantic.letterSpacing.buttons}",
                            "textDecoration": "{semantic.textDecoration.buttons}",
                            "paragraphSpacing": "{semantic.paragraphSpacing.default}"
                        }
                    }
                },
                "x-large": {
                    "bold": {
                        "$name": "semantic.typography.button.x-large.bold",
                        "$type": "typography",
                        "$value": {
                            "fontSize": "{semantic.fontSize.xl}",
                            "textCase": "{semantic.textCase.buttons}",
                            "fontFamily": "{semantic.fontFamilies.body}",
                            "fontWeight": "{semantic.fontWeights.body.bold}",
                            "lineHeight": "{semantic.lineHeights.body.default}",
                            "letterSpacing": "{semantic.letterSpacing.buttons}",
                            "textDecoration": "{semantic.textDecoration.buttons}",
                            "paragraphSpacing": "{semantic.paragraphSpacing.default}"
                        }
                    },
                    "regular": {
                        "$name": "semantic.typography.button.x-large.regular",
                        "$type": "typography",
                        "$value": {
                            "fontSize": "{semantic.fontSize.xl}",
                            "textCase": "{semantic.textCase.buttons}",
                            "fontFamily": "{semantic.fontFamilies.body}",
                            "fontWeight": "{semantic.fontWeights.body.regular}",
                            "lineHeight": "{semantic.lineHeights.body.default}",
                            "letterSpacing": "{semantic.letterSpacing.buttons}",
                            "textDecoration": "{semantic.textDecoration.buttons}",
                            "paragraphSpacing": "{semantic.paragraphSpacing.default}"
                        }
                    }
                }
            },
            "caption": {
                "bold": {
                    "$name": "semantic.typography.caption.bold",
                    "$type": "typography",
                    "$value": {
                        "fontSize": "{semantic.fontSize.sm}",
                        "textCase": "{semantic.textCase.captions}",
                        "fontFamily": "{semantic.fontFamilies.body}",
                        "fontWeight": "{semantic.fontWeights.body.bold}",
                        "lineHeight": "{semantic.lineHeights.body.default}",
                        "letterSpacing": "{semantic.letterSpacing.captions}",
                        "textDecoration": "{semantic.textDecoration.captions}",
                        "paragraphSpacing": "{semantic.paragraphSpacing.default}"
                    }
                },
                "regular": {
                    "$name": "semantic.typography.caption.regular",
                    "$type": "typography",
                    "$value": {
                        "fontSize": "{semantic.fontSize.sm}",
                        "textCase": "{semantic.textCase.captions}",
                        "fontFamily": "{semantic.fontFamilies.body}",
                        "fontWeight": "{semantic.fontWeights.body.regular}",
                        "lineHeight": "{semantic.lineHeights.body.default}",
                        "letterSpacing": "{semantic.letterSpacing.captions}",
                        "textDecoration": "{semantic.textDecoration.captions}",
                        "paragraphSpacing": "{semantic.paragraphSpacing.default}"
                    }
                },
                "semi-bold": {
                    "$name": "semantic.typography.caption.semi-bold",
                    "$type": "typography",
                    "$value": {
                        "fontSize": "{semantic.fontSize._base}",
                        "textCase": "uppercase",
                        "fontFamily": "{semantic.fontFamilies.body}",
                        "fontWeight": "{semantic.fontWeights.body.semi-bold}",
                        "lineHeight": "{semantic.lineHeights.body.default}",
                        "letterSpacing": "{semantic.letterSpacing.captions}",
                        "textDecoration": "{semantic.textDecoration.captions}",
                        "paragraphSpacing": "{semantic.paragraphSpacing.default}"
                    }
                }
            },
            "display": {
                "bold": {
                    "$name": "semantic.typography.display.bold",
                    "$type": "typography",
                    "$value": {
                        "fontSize": "{semantic.fontSize.7xl}",
                        "textCase": "{semantic.textCase.headlines}",
                        "fontFamily": "{semantic.fontFamilies.headlines}",
                        "fontWeight": "{semantic.fontWeights.headlines.bold}",
                        "lineHeight": "{semantic.lineHeights.headlines.default}",
                        "letterSpacing": "{semantic.letterSpacing.headlines}",
                        "textDecoration": "{semantic.textDecoration.none}",
                        "paragraphSpacing": "{semantic.paragraphSpacing.default}"
                    }
                },
                "regular": {
                    "$name": "semantic.typography.display.regular",
                    "$type": "typography",
                    "$value": {
                        "fontSize": "{semantic.fontSize.7xl}",
                        "textCase": "{semantic.textCase.headlines}",
                        "fontFamily": "{semantic.fontFamilies.headlines}",
                        "fontWeight": "{semantic.fontWeights.headlines.regular}",
                        "lineHeight": "{semantic.lineHeights.headlines.default}",
                        "letterSpacing": "{semantic.letterSpacing.headlines}",
                        "textDecoration": "{semantic.textDecoration.none}",
                        "paragraphSpacing": "{semantic.paragraphSpacing.default}"
                    }
                }
            },
            "x-small": {
                "bold": {
                    "$name": "semantic.typography.x-small.bold",
                    "$type": "typography",
                    "$value": {
                        "fontSize": "{semantic.fontSize.xs}",
                        "textCase": "{semantic.textCase.none}",
                        "fontFamily": "{semantic.fontFamilies.body}",
                        "fontWeight": "{semantic.fontWeights.body.bold}",
                        "lineHeight": "{semantic.lineHeights.body.default}",
                        "letterSpacing": "{semantic.letterSpacing.body}",
                        "textDecoration": "{semantic.textDecoration.none}",
                        "paragraphSpacing": "{semantic.paragraphSpacing.default}"
                    }
                },
                "regular": {
                    "$name": "semantic.typography.x-small.regular",
                    "$type": "typography",
                    "$value": {
                        "fontSize": "{semantic.fontSize.xs}",
                        "textCase": "{semantic.textCase.none}",
                        "fontFamily": "{semantic.fontFamilies.body}",
                        "fontWeight": "{semantic.fontWeights.body.regular}",
                        "lineHeight": "{semantic.lineHeights.body.default}",
                        "letterSpacing": "{semantic.letterSpacing.body}",
                        "textDecoration": "{semantic.textDecoration.none}",
                        "paragraphSpacing": "{semantic.paragraphSpacing.default}"
                    }
                }
            },
            "colossus": {
                "bold": {
                    "$name": "semantic.typography.colossus.bold",
                    "$type": "typography",
                    "$value": {
                        "fontSize": "{semantic.fontSize.10xl}",
                        "textCase": "{semantic.textCase.headlines}",
                        "fontFamily": "{semantic.fontFamilies.headlines}",
                        "fontWeight": "{semantic.fontWeights.headlines.bold}",
                        "lineHeight": "{semantic.lineHeights.headlines.xl}",
                        "letterSpacing": "{semantic.letterSpacing.headlines}",
                        "textDecoration": "{semantic.textDecoration.none}",
                        "paragraphSpacing": "{semantic.paragraphSpacing.default}"
                    }
                },
                "regular": {
                    "$name": "semantic.typography.colossus.regular",
                    "$type": "typography",
                    "$value": {
                        "fontSize": "{semantic.fontSize.10xl}",
                        "textCase": "{semantic.textCase.headlines}",
                        "fontFamily": "{semantic.fontFamilies.headlines}",
                        "fontWeight": "{semantic.fontWeights.headlines.regular}",
                        "lineHeight": "{semantic.lineHeights.headlines.xl}",
                        "letterSpacing": "{semantic.letterSpacing.headlines}",
                        "textDecoration": "{semantic.textDecoration.none}",
                        "paragraphSpacing": "{semantic.paragraphSpacing.default}"
                    }
                }
            },
            "headline-1": {
                "bold": {
                    "$name": "semantic.typography.headline-1.bold",
                    "$type": "typography",
                    "$value": {
                        "fontSize": "{semantic.fontSize.6xl}",
                        "textCase": "{semantic.textCase.headlines}",
                        "fontFamily": "{semantic.fontFamilies.headlines}",
                        "fontWeight": "{semantic.fontWeights.headlines.bold}",
                        "lineHeight": "{semantic.lineHeights.headlines.default}",
                        "letterSpacing": "{semantic.letterSpacing.headlines}",
                        "textDecoration": "{semantic.textDecoration.none}",
                        "paragraphSpacing": "{semantic.paragraphSpacing.default}"
                    }
                },
                "regular": {
                    "$name": "semantic.typography.headline-1.regular",
                    "$type": "typography",
                    "$value": {
                        "fontSize": "{semantic.fontSize.6xl}",
                        "textCase": "{semantic.textCase.headlines}",
                        "fontFamily": "{semantic.fontFamilies.headlines}",
                        "fontWeight": "{semantic.fontWeights.headlines.regular}",
                        "lineHeight": "{semantic.lineHeights.headlines.default}",
                        "letterSpacing": "{semantic.letterSpacing.headlines}",
                        "textDecoration": "{semantic.textDecoration.none}",
                        "paragraphSpacing": "{semantic.paragraphSpacing.default}"
                    }
                }
            },
            "headline-2": {
                "bold": {
                    "$name": "semantic.typography.headline-2.bold",
                    "$type": "typography",
                    "$value": {
                        "fontSize": "{semantic.fontSize.5xl}",
                        "textCase": "{semantic.textCase.headlines}",
                        "fontFamily": "{semantic.fontFamilies.headlines}",
                        "fontWeight": "{semantic.fontWeights.headlines.bold}",
                        "lineHeight": "{semantic.lineHeights.headlines.default}",
                        "letterSpacing": "{semantic.letterSpacing.headlines}",
                        "textDecoration": "{semantic.textDecoration.none}",
                        "paragraphSpacing": "{semantic.paragraphSpacing.default}"
                    }
                },
                "medium": {
                    "$name": "semantic.typography.headline-2.medium",
                    "$type": "typography",
                    "$value": {
                        "fontSize": "{semantic.fontSize.5xl}",
                        "textCase": "{semantic.textCase.headlines}",
                        "fontFamily": "{semantic.fontFamilies.headlines}",
                        "fontWeight": "{semantic.fontWeights.headlines.medium}",
                        "lineHeight": "{semantic.lineHeights.headlines.default}",
                        "letterSpacing": "{semantic.letterSpacing.headlines}",
                        "textDecoration": "{semantic.textDecoration.none}",
                        "paragraphIndent": "",
                        "paragraphSpacing": "{semantic.paragraphSpacing.default}"
                    }
                },
                "regular": {
                    "$name": "semantic.typography.headline-2.regular",
                    "$type": "typography",
                    "$value": {
                        "fontSize": "{semantic.fontSize.5xl}",
                        "textCase": "{semantic.textCase.headlines}",
                        "fontFamily": "{semantic.fontFamilies.headlines}",
                        "fontWeight": "{semantic.fontWeights.headlines.regular}",
                        "lineHeight": "{semantic.lineHeights.headlines.default}",
                        "letterSpacing": "{semantic.letterSpacing.headlines}",
                        "textDecoration": "{semantic.textDecoration.none}",
                        "paragraphSpacing": "{semantic.paragraphSpacing.default}"
                    }
                }
            },
            "headline-3": {
                "bold": {
                    "$name": "semantic.typography.headline-3.bold",
                    "$type": "typography",
                    "$value": {
                        "fontSize": "{semantic.fontSize.4xl}",
                        "textCase": "{semantic.textCase.headlines}",
                        "fontFamily": "{semantic.fontFamilies.headlines}",
                        "fontWeight": "{semantic.fontWeights.headlines.bold}",
                        "lineHeight": "{semantic.lineHeights.headlines.default}",
                        "letterSpacing": "{semantic.letterSpacing.headlines}",
                        "textDecoration": "{semantic.textDecoration.none}",
                        "paragraphSpacing": "{semantic.paragraphSpacing.default}"
                    }
                },
                "regular": {
                    "$name": "semantic.typography.headline-3.regular",
                    "$type": "typography",
                    "$value": {
                        "fontSize": "{semantic.fontSize.4xl}",
                        "textCase": "{semantic.textCase.headlines}",
                        "fontFamily": "{semantic.fontFamilies.headlines}",
                        "fontWeight": "{semantic.fontWeights.headlines.regular}",
                        "lineHeight": "{semantic.lineHeights.headlines.default}",
                        "letterSpacing": "{semantic.letterSpacing.headlines}",
                        "textDecoration": "{semantic.textDecoration.none}",
                        "paragraphSpacing": "{semantic.paragraphSpacing.default}"
                    }
                }
            },
            "headline-4": {
                "bold": {
                    "$name": "semantic.typography.headline-4.bold",
                    "$type": "typography",
                    "$value": {
                        "fontSize": "{semantic.fontSize.3xl}",
                        "textCase": "{semantic.textCase.headlines}",
                        "fontFamily": "{semantic.fontFamilies.headlines}",
                        "fontWeight": "{semantic.fontWeights.headlines.bold}",
                        "lineHeight": "{semantic.lineHeights.headlines.sm}",
                        "letterSpacing": "{semantic.letterSpacing.headlines}",
                        "textDecoration": "{semantic.textDecoration.none}",
                        "paragraphSpacing": "{semantic.paragraphSpacing.default}"
                    }
                },
                "regular": {
                    "$name": "semantic.typography.headline-4.regular",
                    "$type": "typography",
                    "$value": {
                        "fontSize": "{semantic.fontSize.3xl}",
                        "textCase": "{semantic.textCase.headlines}",
                        "fontFamily": "{semantic.fontFamilies.headlines}",
                        "fontWeight": "{semantic.fontWeights.headlines.regular}",
                        "lineHeight": "{semantic.lineHeights.headlines.sm}",
                        "letterSpacing": "{semantic.letterSpacing.headlines}",
                        "textDecoration": "{semantic.textDecoration.none}",
                        "paragraphSpacing": "{semantic.paragraphSpacing.default}"
                    }
                }
            },
            "headline-5": {
                "bold": {
                    "$name": "semantic.typography.headline-5.bold",
                    "$type": "typography",
                    "$value": {
                        "fontSize": "{semantic.fontSize.xl}",
                        "textCase": "{semantic.textCase.headlines}",
                        "fontFamily": "{semantic.fontFamilies.headlines}",
                        "fontWeight": "{semantic.fontWeights.headlines.bold}",
                        "lineHeight": "{semantic.lineHeights.headlines.sm}",
                        "letterSpacing": "{semantic.letterSpacing.headlines}",
                        "textDecoration": "{semantic.textDecoration.none}",
                        "paragraphSpacing": "{semantic.paragraphSpacing.default}"
                    }
                },
                "regular": {
                    "$name": "semantic.typography.headline-5.regular",
                    "$type": "typography",
                    "$value": {
                        "fontSize": "{semantic.fontSize.xl}",
                        "textCase": "{semantic.textCase.headlines}",
                        "fontFamily": "{semantic.fontFamilies.headlines}",
                        "fontWeight": "{semantic.fontWeights.headlines.regular}",
                        "lineHeight": "{semantic.lineHeights.headlines.sm}",
                        "letterSpacing": "{semantic.letterSpacing.headlines}",
                        "textDecoration": "{semantic.textDecoration.none}",
                        "paragraphSpacing": "{semantic.paragraphSpacing.default}"
                    }
                }
            }
        },
        "fontWeights": {
            "body": {
                "bold": {
                    "$name": "semantic.fontWeights.body.bold",
                    "$type": "fontWeights",
                    "$value": "Bold"
                },
                "regular": {
                    "$name": "semantic.fontWeights.body.regular",
                    "$type": "fontWeights",
                    "$value": "Regular"
                },
                "semi-bold": {
                    "$name": "semantic.fontWeights.body.semi-bold",
                    "$type": "fontWeights",
                    "$value": "Semi Bold"
                }
            },
            "headlines": {
                "bold": {
                    "$name": "semantic.fontWeights.headlines.bold",
                    "$type": "fontWeights",
                    "$value": "400"
                },
                "medium": {
                    "$name": "semantic.fontWeights.headlines.medium",
                    "$type": "fontWeights",
                    "$value": "400"
                },
                "regular": {
                    "$name": "semantic.fontWeights.headlines.regular",
                    "$type": "fontWeights",
                    "$value": "400"
                },
                "semi-bold": {
                    "$name": "semantic.fontWeights.headlines.semi-bold",
                    "$type": "fontWeights",
                    "$value": "400"
                }
            }
        },
        "lineHeights": {
            "body": {
                "default": {
                    "$name": "semantic.lineHeights.body.default",
                    "$type": "lineHeights",
                    "$value": "150%"
                },
                "relaxed": {
                    "$name": "semantic.lineHeights.body.relaxed",
                    "$type": "lineHeights",
                    "$value": "175%"
                }
            },
            "headlines": {
                "lg": {
                    "$name": "semantic.lineHeights.headlines.lg",
                    "$type": "lineHeights",
                    "$value": "110%"
                },
                "sm": {
                    "$name": "semantic.lineHeights.headlines.sm",
                    "$type": "lineHeights",
                    "$value": "130%"
                },
                "xl": {
                    "$name": "semantic.lineHeights.headlines.xl",
                    "$type": "lineHeights",
                    "$value": "110%"
                },
                "default": {
                    "$name": "semantic.lineHeights.headlines.default",
                    "$type": "lineHeights",
                    "$value": "110%"
                }
            }
        },
        "border-width": {
            "none": {
                "$name": "semantic.border-width.none",
                "$type": "borderWidth",
                "$value": "{borderWidth.none}"
            },
            "default": {
                "$name": "semantic.border-width.default",
                "$type": "borderWidth",
                "$value": "{borderWidth.200}"
            }
        },
        "fontFamilies": {
            "body": {
                "$name": "semantic.fontFamilies.body",
                "$type": "fontFamilies",
                "$value": "Cormorant"
            },
            "captions": {
                "$name": "semantic.fontFamilies.captions",
                "$type": "fontFamilies",
                "$value": "Cormorant Garamond"
            },
            "headlines": {
                "$name": "semantic.fontFamilies.headlines",
                "$type": "fontFamilies",
                "$value": "Permanent Marker"
            }
        },
        "space-around": {
            "comp": {
                "lg": {
                    "$name": "semantic.space-around.comp.lg",
                    "$type": "spacing",
                    "$value": "{space.200}"
                },
                "md": {
                    "$name": "semantic.space-around.comp.md",
                    "$type": "spacing",
                    "$value": "{space.150}"
                },
                "sm": {
                    "$name": "semantic.space-around.comp.sm",
                    "$type": "spacing",
                    "$value": "{space.100}"
                }
            },
            "pattern": {
                "md": {
                    "$name": "semantic.space-around.pattern.md",
                    "$type": "spacing",
                    "$value": "{space.700}"
                }
            },
            "section": {
                "lg": {
                    "$name": "semantic.space-around.section.lg",
                    "$type": "spacing",
                    "$value": "{space.2000}"
                },
                "md": {
                    "$name": "semantic.space-around.section.md",
                    "$type": "spacing",
                    "$value": "{space.1600}"
                },
                "sm": {
                    "$name": "semantic.space-around.section.sm",
                    "$type": "spacing",
                    "$value": "{space.1200}"
                },
                "xl": {
                    "$name": "semantic.space-around.section.xl",
                    "$type": "spacing",
                    "$value": "{space.2200}"
                },
                "xs": {
                    "$name": "semantic.space-around.section.xs",
                    "$type": "spacing",
                    "$value": "{space.800}"
                },
                "xxl": {
                    "$name": "semantic.space-around.section.xxl",
                    "$type": "spacing",
                    "$value": "{space.2600}"
                },
                "xxs": {
                    "$name": "semantic.space-around.section.xxs",
                    "$type": "spacing",
                    "$value": "{space.500}"
                }
            }
        },
        "letterSpacing": {
            "body": {
                "$name": "semantic.letterSpacing.body",
                "$type": "letterSpacing",
                "$value": "0%"
            },
            "buttons": {
                "$name": "semantic.letterSpacing.buttons",
                "$type": "letterSpacing",
                "$value": "3%"
            },
            "captions": {
                "$name": "semantic.letterSpacing.captions",
                "$type": "letterSpacing",
                "$value": "0%"
            },
            "headlines": {
                "$name": "semantic.letterSpacing.headlines",
                "$type": "letterSpacing",
                "$value": "-1%"
            }
        },
        "space-between": {
            "comp": {
                "md": {
                    "$name": "semantic.space-between.comp.md",
                    "$type": "spacing",
                    "$value": "{space.150}"
                },
                "sm": {
                    "$name": "semantic.space-between.comp.sm",
                    "$type": "spacing",
                    "$value": "{space.100}"
                },
                "xs": {
                    "$name": "semantic.space-between.comp.xs",
                    "$type": "spacing",
                    "$value": "{space.25}"
                }
            },
            "pattern": {
                "lg": {
                    "$name": "semantic.space-between.pattern.lg",
                    "$type": "spacing",
                    "$value": "{space.300}"
                },
                "md": {
                    "$name": "semantic.space-between.pattern.md",
                    "$type": "spacing",
                    "$value": "{space.200}"
                },
                "sm": {
                    "$name": "semantic.space-between.pattern.sm",
                    "$type": "spacing",
                    "$value": "{space.100}"
                },
                "xl": {
                    "$name": "semantic.space-between.pattern.xl",
                    "$type": "spacing",
                    "$value": "{space.400}"
                },
                "xs": {
                    "$name": "semantic.space-between.pattern.xs",
                    "$type": "spacing",
                    "$value": "{space.25}"
                }
            },
            "section": {
                "lg": {
                    "$name": "semantic.space-between.section.lg",
                    "$type": "spacing",
                    "$value": "{space.700}"
                },
                "md": {
                    "$name": "semantic.space-between.section.md",
                    "$type": "spacing",
                    "$value": "{space.500}"
                },
                "sm": {
                    "$name": "semantic.space-between.section.sm",
                    "$type": "spacing",
                    "$value": "{space.400}"
                },
                "xl": {
                    "$name": "semantic.space-between.section.xl",
                    "$type": "spacing",
                    "$value": "{space.800}"
                },
                "xs": {
                    "$name": "semantic.space-between.section.xs",
                    "$type": "spacing",
                    "$value": "{space.300}"
                },
                "xxl": {
                    "$name": "semantic.space-between.section.xxl",
                    "$type": "spacing",
                    "$value": "{space.1200}"
                },
                "xxs": {
                    "$name": "semantic.space-between.section.xxs",
                    "$type": "spacing",
                    "$value": "{space.200}"
                }
            }
        },
        "textDecoration": {
            "none": {
                "$name": "semantic.textDecoration.none",
                "$type": "textDecoration",
                "$value": "none"
            },
            "buttons": {
                "$name": "semantic.textDecoration.buttons",
                "$type": "textDecoration",
                "$value": "none"
            },
            "captions": {
                "$name": "semantic.textDecoration.captions",
                "$type": "textDecoration",
                "$value": "none"
            }
        },
        "paragraphSpacing": {
            "default": {
                "$name": "semantic.paragraphSpacing.default",
                "$type": "paragraphSpacing",
                "$value": "0"
            }
        }
    }
}