{
    "pattern": {
        "card-pricing": {
            "muted": {
                "icon-color": {
                    "$type": "color",
                    "$value": "{semantic.color.accent.emphasis}",
                    "$description": "Change this token to modify the icon color of the muted pricing card."
                },
                "background-color": {
                    "$type": "color",
                    "$value": "{semantic.color.bg.subtle}",
                    "$description": "Change this token to change the background color of the muted pricing card\n"
                }
            },
            "shadow": {
                "$type": "boxShadow",
                "$value": "{semantic.Shadow.none}"
            },
            "default": {
                "icon-color": {
                    "$type": "color",
                    "$value": "{semantic.color.accent.default}",
                    "$description": "Change this token to change the icon color in the default pricing card.\n"
                },
                "background-color": {
                    "$type": "color",
                    "$value": "{semantic.color.bg.surface}",
                    "$description": "Change this token to change the background color of the default pricing card."
                }
            },
            "icon-size": {
                "$type": "sizing",
                "$value": "{semantic.size.pattern.lg}"
            },
            "padding-x": {
                "$type": "spacing",
                "$value": "{semantic.space-around.pattern.md}",
                "$description": "Modify this token to change the padding-x of the pricing card\n"
            },
            "padding-y": {
                "$type": "spacing",
                "$value": "{semantic.space-around.pattern.md}",
                "$description": "Modify this token to change the padding-y of the pricing card"
            },
            "list-color": {
                "$type": "color",
                "$value": "{semantic.color.fg.default}",
                "$description": "Change this token to change the font-color of the list in pricing card."
            },
            "title-color": {
                "$type": "color",
                "$value": "{semantic.color.fg.default}",
                "$description": "Change this token to change the font-color of the title pricing card."
            },
            "border-radius": {
                "$type": "borderRadius",
                "$value": "{semantic.ui.border-radius} {semantic.ui.border-radius} {semantic.ui.border-radius} {semantic.ui.border-radius}",
                "$description": "Modify the border radius of the pricing card. Use multiple values for individual radii: eg. 0 16 0 16\n"
            },
            "space-between": {
                "$type": "spacing",
                "$value": "{semantic.space-between.pattern.xl}"
            },
            "sub-title-color": {
                "$type": "color",
                "$value": "{semantic.color.fg.subtle}",
                "$description": "Change this token to change the font-color of the sub-title of the pricing card"
            },
            "list-space-between": {
                "$type": "spacing",
                "$value": "{semantic.space-between.pattern.md}"
            },
            "action-space-between": {
                "$type": "spacing",
                "$value": "{semantic.space-between.pattern.sm}"
            },
            "heading-space-between": {
                "$type": "spacing",
                "$value": "{semantic.space-between.pattern.sm}"
            }
        },
        "pricing-card": {
            "typography": {
                "price": {
                    "$type": "typography",
                    "$value": "{semantic.typography.headline-1.bold}"
                },
                "mention": {
                    "$type": "typography",
                    "$value": "{semantic.typography.caption.regular}"
                },
                "frequency": {
                    "$type": "typography",
                    "$value": "{semantic.typography.headline-5.regular}"
                },
                "icon-size": {
                    "$type": "fontSizes",
                    "$value": "{semantic.fontSize.6xl}"
                },
                "description": {
                    "$type": "typography",
                    "$value": "{semantic.typography.body.regular}"
                }
            }
        }
    }
}