{
    "pattern": {
        "feature": {
            "icon": {
                "border-radius": {
                    "$type": "borderRadius",
                    "$value": "{semantic.comp.border-radius}"
                },
                "background-color": {
                    "$type": "color",
                    "$value": "{semantic.color.accent.default}"
                }
            },
            "size": {
                "icon": {
                    "$type": "fontSizes",
                    "$value": "{semantic.fontSize.xl}"
                },
                "icon-background": {
                    "$type": "sizing",
                    "$value": "{semantic.size.pattern.md}"
                }
            },
            "text": {
                "$type": "typography",
                "$value": "{semantic.typography.small.regular}"
            },
            "heading": {
                "$type": "typography",
                "$value": "{semantic.typography.body.semi-bold}"
            },
            "icon-color": {
                "$type": "color",
                "$value": "{semantic.color.fg.on-accent}"
            },
            "space-between": {
                "$type": "spacing",
                "$value": "{semantic.space-between.pattern.lg}"
            },
            "content-space-between": {
                "$type": "spacing",
                "$value": "{semantic.space-between.pattern.sm}"
            }
        }
    }
}