{
    "section": {
        "features": {
            "icon-1": {
                "$type": "icon",
                "$value": "f6ed",
                "$description": "hippo"
            },
            "icon-2": {
                "$type": "icon",
                "$value": "f0e9",
                "$description": "umbrella"
            },
            "icon-3": {
                "$type": "icon",
                "$value": "f52d",
                "$description": "feather"
            },
            "icon-4": {
                "$type": "icon",
                "$value": "f06d",
                "$description": "fire"
            },
            "padding-x": {
                "$type": "spacing",
                "$value": "{semantic.space-around.section.lg}"
            },
            "padding-y": {
                "$type": "spacing",
                "$value": "{semantic.space-around.section.md}"
            },
            "body-color": {
                "$type": "color",
                "$value": "{semantic.color.fg.subtle}"
            },
            "kicker-color": {
                "$type": "color",
                "$value": "{semantic.color.fg.subtle}"
            },
            "space-between": {
                "$type": "spacing",
                "$value": "{semantic.space-between.section.xxl}"
            },
            "headline-color": {
                "$type": "color",
                "$value": "{semantic.color.fg.default}"
            },
            "container-overlay": {
                "$type": "color",
                "$value": "{semantic.color.bg.surface}",
                "$description": "The section container has a separate background and overlay. You could use the overlay to add a gradient or opacity layer on top of your background color or image fill."
            },
            "row-space-between": {
                "$type": "spacing",
                "$value": "{semantic.space-between.section.lg}"
            },
            "container-bg-image": {
                "$type": "asset",
                "$value": "https://images.unsplash.com/photo-1600489329744-fcd1ea7920e2?ixlib=rb-4.0.3&ixid=MnwxMjA3fDB8MHxwaG90by1wYWdlfHx8fGVufDB8fHx8&auto=format&fit=crop&w=2080&q=80",
                "$description": "Add an image address pointing to a public url"
            },
            "feature-text-color": {
                "$type": "color",
                "$value": "{semantic.color.fg.muted}"
            },
            "block-space-between": {
                "$type": "spacing",
                "$value": "{semantic.space-between.section.lg}"
            },
            "feature-heading-color": {
                "$type": "color",
                "$value": "{semantic.color.fg.default}"
            },
            "heading-space-between": {
                "$type": "spacing",
                "$value": "{semantic.space-between.pattern.sm}"
            },
            "heading-block-space-between": {
                "$type": "spacing",
                "$value": "{semantic.space-between.section.xxs}"
            }
        }
    }
}