{
    "section": {
        "footer": {
            "logo": {
                "icon-size": {
                    "$type": "sizing",
                    "$value": "{semantic.size.section.md}"
                },
                "text-size": {
                    "$type": "fontSizes",
                    "$value": "{semantic.fontSize.xl}"
                },
                "icon-color": {
                    "$type": "color",
                    "$value": "{semantic.color.bg.surface}"
                },
                "text-color": {
                    "$type": "color",
                    "$value": "{semantic.color.bg.surface}"
                },
                "space-between": {
                    "$type": "spacing",
                    "$value": "{semantic.space-between.comp.sm}"
                }
            },
            "padding-x": {
                "$type": "spacing",
                "$value": "{semantic.space-around.section.lg}"
            },
            "padding-y": {
                "$type": "spacing",
                "$value": "{semantic.space-around.section.xs}"
            },
            "body-color": {
                "$type": "color",
                "$value": "{semantic.color.fg.on-accent}"
            },
            "logo-color": {
                "$type": "color",
                "$value": "{semantic.color.fg.on-accent}"
            },
            "divider-color": {
                "$type": "color",
                "$value": "{semantic.color.accent.default}"
            },
            "space-between": {
                "$type": "spacing",
                "$value": "{semantic.space-between.section.xxs}"
            },
            "container-overlay": {
                "$type": "color",
                "$value": "{semantic.color.accent.emphasis}",
                "$description": "The section container has a separate background and overlay. You could use the overlay to add a gradient or opacity layer on top of your background color or image fill."
            },
            "container-bg-image": {
                "$type": "asset",
                "$value": "https://images.unsplash.com/photo-1600489329744-fcd1ea7920e2?ixlib=rb-4.0.3&ixid=MnwxMjA3fDB8MHxwaG90by1wYWdlfHx8fGVufDB8fHx8&auto=format&fit=crop&w=2080&q=80",
                "$description": "Add an image address pointing to a public url"
            }
        }
    }
}