{
    "section": {
        "hero": {
            "image": {
                "source": {
                    "$type": "asset",
                    "$value": "https://images.unsplash.com/photo-1607419459063-9d45c62d6b31?ixlib=rb-4.0.3&ixid=MnwxMjA3fDB8MHxwaG90by1wYWdlfHx8fGVufDB8fHx8&auto=format&fit=crop&w=1287&q=80",
                    "$description": "Add a public url of an image"
                },
                "border-radii": {
                    "$type": "borderRadius",
                    "$value": "{semantic.ui.border-radius} {semantic.ui.border-radius} {semantic.ui.border-radius} {semantic.ui.border-radius}"
                }
            },
            "opacity": {
                "image": {
                    "$type": "opacity",
                    "$value": "{opacity.100}"
                }
            },
            "padding-x": {
                "$type": "spacing",
                "$value": "{semantic.space-around.section.lg}"
            },
            "padding-y": {
                "$type": "spacing",
                "$value": "{semantic.space-around.section.xl}"
            },
            "body-color": {
                "$type": "color",
                "$value": "{semantic.color.fg.subtle}"
            },
            "image-size": {
                "$type": "sizing",
                "$value": "{semantic.size.section.lg}"
            },
            "headline-color": {
                "$type": "color",
                "$value": "{semantic.color.fg.default}"
            },
            "container-overlay": {
                "$type": "color",
                "$value": "{semantic.color.bg.overlay}",
                "$description": "The section container has a separate background and overlay. You could use the overlay to add a gradient or opacity layer on top of your background color or image fill."
            },
            "body-space-between": {
                "$type": "spacing",
                "$value": "{semantic.space-between.section.md}"
            },
            "container-bg-image": {
                "$type": "asset",
                "$value": "https://images.unsplash.com/photo-1615102477795-6b50e6defa53?ixlib=rb-4.0.3&ixid=MnwxMjA3fDB8MHxwaG90by1wYWdlfHx8fGVufDB8fHx8&auto=format&fit=crop&w=2940&q=80",
                "$description": "Add an image address pointing to a public url\n\n"
            },
            "actions-space-between": {
                "$type": "spacing",
                "$value": "{semantic.space-between.section.xxs}"
            },
            "content-space-between": {
                "$type": "spacing",
                "$value": "{semantic.space-between.section.xs}"
            }
        }
    }
}