{
    "section": {
        "nav": {
            "logo": {
                "icon-size": {
                    "$type": "sizing",
                    "$value": "{semantic.size.section.sm}"
                },
                "text-size": {
                    "$type": "fontSizes",
                    "$value": "{semantic.fontSize._base}"
                },
                "icon-color": {
                    "$type": "color",
                    "$value": "{semantic.color.fg.default}"
                },
                "text-color": {
                    "$type": "color",
                    "$value": "{semantic.color.fg.default}"
                },
                "space-between": {
                    "$type": "spacing",
                    "$value": "{semantic.space-between.comp.sm}"
                }
            },
            "padding-x": {
                "$type": "spacing",
                "$value": "{semantic.space-around.section.xxs}"
            },
            "padding-y": {
                "$type": "spacing",
                "$value": "{semantic.space-around.section.xxs}"
            },
            "action-space-between": {
                "$type": "spacing",
                "$value": "{semantic.space-between.section.xxs}"
            },
            "logo-menu-space-between": {
                "$type": "spacing",
                "$value": "{semantic.space-between.section.xl}"
            },
            "container-background-color": {
                "$type": "color",
                "$value": "{semantic.color.bg.surface}",
                "$description": "Every section container can have a unique background color or image. On top of the background a gradient or opactive layer can be applied. Use the container-overlay token to achieve this."
            }
        }
    }
}