{
    "section": {
        "pricing": {
            "bullet": {
                "$type": "icon",
                "$value": "f058",
                "$description": "check-circle"
            },
            "icon-1": {
                "$type": "icon",
                "$value": "f06b",
                "$description": "gift"
            },
            "icon-2": {
                "$type": "icon",
                "$value": "f06b",
                "$description": "gift"
            },
            "padding-x": {
                "$type": "spacing",
                "$value": "{semantic.space-around.section.lg}"
            },
            "padding-y": {
                "$type": "spacing",
                "$value": "{semantic.space-around.section.xxl}"
            },
            "body-color": {
                "$type": "color",
                "$value": "{semantic.color.fg.subtle}"
            },
            "icon-color": {
                "$type": "color",
                "$value": "{semantic.color.accent.default}"
            },
            "label-color": {
                "$type": "color",
                "$value": "{semantic.color.fg.default}"
            },
            "kicker-color": {
                "$type": "color",
                "$value": "{semantic.color.fg.subtle}"
            },
            "space-between": {
                "$type": "spacing",
                "$value": "{semantic.space-between.section.lg}"
            },
            "headline-color": {
                "$type": "color",
                "$value": "{semantic.color.fg.default}"
            },
            "container-overlay": {
                "$type": "color",
                "$value": "{semantic.color.bg.surface}",
                "$description": "The section container has a separate background and overlay. You could use the overlay to add a gradient or opacity layer on top of your background color or image fill."
            },
            "container-bg-image": {
                "$type": "asset",
                "$value": "https://images.unsplash.com/photo-1600489329744-fcd1ea7920e2?ixlib=rb-4.0.3&ixid=MnwxMjA3fDB8MHxwaG90by1wYWdlfHx8fGVufDB8fHx8&auto=format&fit=crop&w=2080&q=80",
                "$description": "Add an image address pointing to a public url"
            },
            "block-space-between": {
                "$type": "spacing",
                "$value": "{semantic.space-between.section.md}"
            },
            "heading-space-between": {
                "$type": "spacing",
                "$value": "{semantic.space-between.pattern.sm}"
            },
            "heading-block-space-between": {
                "$type": "spacing",
                "$value": "{semantic.space-between.section.xxs}"
            }
        }
    }
}