{
    "section": {
        "team": {
            "image-1": {
                "$type": "asset",
                "$value": "https://images.unsplash.com/photo-1625603564899-36c11aa97c76?ixlib=rb-1.2.1&ixid=MnwxMjA3fDB8MHxwaG90by1wYWdlfHx8fGVufDB8fHx8&auto=format&fit=crop&w=2574&q=80",
                "$description": "Add an image address pointing to a public url"
            },
            "image-2": {
                "$type": "asset",
                "$value": "https://images.unsplash.com/photo-1474557157379-8aa74a6ef541?ixlib=rb-1.2.1&ixid=MnwxMjA3fDB8MHxwaG90by1wYWdlfHx8fGVufDB8fHx8&auto=format&fit=crop&w=2592&q=80",
                "$description": "Add an image address pointing to a public url"
            },
            "image-3": {
                "$type": "asset",
                "$value": "https://images.unsplash.com/photo-1434332253042-50df2f9f7b39?ixlib=rb-1.2.1&ixid=MnwxMjA3fDB8MHxwaG90by1wYWdlfHx8fGVufDB8fHx8&auto=format&fit=crop&w=2940&q=80",
                "$description": "Add an image address pointing to a public url"
            },
            "image-4": {
                "$type": "asset",
                "$value": "https://images.unsplash.com/photo-1532009877282-3340270e0529?ixlib=rb-1.2.1&ixid=MnwxMjA3fDB8MHxwaG90by1wYWdlfHx8fGVufDB8fHx8&auto=format&fit=crop&w=2940&q=80",
                "$description": "Add an image address pointing to a public url"
            },
            "padding-x": {
                "$type": "spacing",
                "$value": "{semantic.space-around.section.lg}"
            },
            "padding-y": {
                "$type": "spacing",
                "$value": "{semantic.space-around.section.sm}"
            },
            "body-color": {
                "$type": "color",
                "$value": "{semantic.color.fg.subtle}"
            },
            "kicker-color": {
                "$type": "color",
                "$value": "{semantic.color.fg.subtle}"
            },
            "space-between": {
                "$type": "spacing",
                "$value": "{semantic.space-between.section.xxl}"
            },
            "headline-color": {
                "$type": "color",
                "$value": "{semantic.color.fg.default}"
            },
            "container-overlay": {
                "$type": "color",
                "$value": "{semantic.color.bg.subtle}",
                "$description": "The section container has a separate background and overlay. You could use the overlay to add a gradient or opacity layer on top of your background color or image fill."
            },
            "row-space-between": {
                "$type": "spacing",
                "$value": "{semantic.space-between.section.sm}"
            },
            "container-bg-image": {
                "$type": "asset",
                "$value": "https://images.unsplash.com/photo-1600489329744-fcd1ea7920e2?ixlib=rb-4.0.3&ixid=MnwxMjA3fDB8MHxwaG90by1wYWdlfHx8fGVufDB8fHx8&auto=format&fit=crop&w=2080&q=80",
                "$description": "Add an image address pointing to a public url"
            },
            "block-space-between": {
                "$type": "spacing",
                "$value": "{semantic.space-between.section.lg}"
            },
            "heading-space-between": {
                "$type": "spacing",
                "$value": "{semantic.space-between.pattern.sm}"
            },
            "heading-block-space-between": {
                "$type": "spacing",
                "$value": "{semantic.space-between.section.xxs}"
            }
        }
    }
}