{
    "pattern": {
        "feature": {
            "icon": {
                "background-color": {
                    "$type": "color",
                    "$value": "{color.gradient.amber.45-deg-↗}"
                }
            }
        }
    },
    "section": {
        "hero": {
            "container-overlay": {
                "$type": "color",
                "$value": "{color.black-alpha.500}"
            },
            "container-bg-image": {
                "$type": "asset",
                "$value": "https://images.unsplash.com/photo-1632480337464-c27d19164f2c?ixlib=rb-4.0.3&ixid=MnwxMjA3fDB8MHxwaG90by1wYWdlfHx8fGVufDB8fHx8&auto=format&fit=crop&w=1475&q=80"
            }
        }
    },
    "semantic": {
        "color": {
            "bg": {
                "muted": {
                    "$type": "color",
                    "$value": "{color.zinc.700}"
                },
                "canvas": {
                    "$type": "color",
                    "$value": "{color.zinc.800}"
                },
                "subtle": {
                    "$type": "color",
                    "$value": "{color.zinc.900}"
                },
                "surface": {
                    "$type": "color",
                    "$value": "{color.zinc.800}"
                }
            },
            "fg": {
                "muted": {
                    "$type": "color",
                    "$value": "{color.gray.300}"
                },
                "subtle": {
                    "$type": "color",
                    "$value": "{color.gray.300}"
                },
                "default": {
                    "$type": "color",
                    "$value": "{color.white}"
                },
                "disabled": {
                    "$type": "color",
                    "$value": "{color.gray.200}"
                },
                "on-accent": {
                    "$type": "color",
                    "$value": "{color.black}"
                },
                "on-disabled": {
                    "$type": "color",
                    "$value": "{color.gray.600}"
                }
            },
            "accent": {
                "muted": {
                    "$type": "color",
                    "$value": "{color.amber.400}"
                },
                "subtle": {
                    "$type": "color",
                    "$value": "{color.emerald.50}"
                },
                "default": {
                    "$type": "color",
                    "$value": "{color.amber.300}"
                },
                "disabled": {
                    "$type": "color",
                    "$value": "{color.gray.300}"
                },
                "emphasis": {
                    "$type": "color",
                    "$value": "{color.amber.400}"
                }
            }
        }
    }
}